id,height_cm,weight_kg,shoulder_cm,bust_cm,waist_cm,hip_cm,waist_hip,waist_bust,bust_hip,shoulder_hip,body_shape,confidence,source
1,156.7,58.7,98.9,95.0,82.2,98.8,0.832,0.865,0.962,1.001,HOURGLASS,0.745,synthetic_rule
2,150.9,45.0,103.1,100.5,86.3,103.8,0.831,0.859,0.968,0.993,HOURGLASS,0.78,synthetic_rule
3,166.3,54.7,86.9,84.1,67.6,86.5,0.782,0.804,0.972,1.005,HOURGLASS,0.838,synthetic_rule
4,170.9,60.5,97.6,98.2,80.2,102.2,0.785,0.817,0.961,0.955,HOURGLASS,0.875,synthetic_rule
5,152.9,57.9,107.4,103.8,92.9,105.1,0.884,0.895,0.988,1.022,HOURGLASS,0.697,synthetic_rule
6,179.2,67.5,107.1,104.0,86.8,102.1,0.85,0.835,1.019,1.049,HOURGLASS,0.807,synthetic_rule
7,167.3,66.2,101.9,103.5,84.0,102.6,0.819,0.812,1.009,0.993,HOURGLASS,0.89,synthetic_rule
8,157.0,46.4,89.3,88.9,78.1,90.6,0.862,0.879,0.981,0.986,HOURGLASS,0.695,synthetic_rule
9,156.3,49.2,103.9,97.6,83.9,98.7,0.85,0.86,0.989,1.053,HOURGLASS,0.767,synthetic_rule
10,171.9,57.1,101.2,99.8,87.2,99.0,0.881,0.874,1.008,1.022,HOURGLASS,0.72,synthetic_rule
11,170.5,71.9,112.2,106.9,90.2,105.8,0.853,0.844,1.01,1.06,HOURGLASS,0.815,synthetic_rule
12,158.0,49.1,92.4,86.8,73.7,90.6,0.813,0.849,0.958,1.02,HOURGLASS,0.752,synthetic_rule
13,161.9,66.4,104.2,102.0,85.5,103.5,0.826,0.838,0.986,1.007,HOURGLASS,0.838,synthetic_rule
14,157.9,56.5,94.7,89.3,73.7,91.3,0.807,0.825,0.978,1.037,HOURGLASS,0.815,synthetic_rule
15,165.3,51.2,90.3,91.7,71.8,94.0,0.764,0.783,0.976,0.961,HOURGLASS,0.923,synthetic_rule
16,162.7,49.0,90.5,89.2,70.3,88.2,0.797,0.788,1.011,1.026,HOURGLASS,0.873,synthetic_rule
17,175.8,55.9,111.0,106.2,86.2,105.9,0.814,0.812,1.003,1.048,HOURGLASS,0.918,synthetic_rule
18,169.2,54.1,101.8,99.9,87.0,99.6,0.873,0.871,1.003,1.022,HOURGLASS,0.74,synthetic_rule
19,157.9,54.9,98.3,98.7,76.3,95.1,0.802,0.773,1.038,1.034,HOURGLASS,0.895,synthetic_rule
20,169.2,65.5,106.5,107.2,91.3,104.3,0.875,0.852,1.028,1.021,HOURGLASS,0.75,synthetic_rule
21,165.9,49.6,102.5,101.6,83.5,101.3,0.824,0.822,1.003,1.012,HOURGLASS,0.87,synthetic_rule
22,174.9,62.6,88.5,89.8,67.6,86.4,0.782,0.753,1.039,1.024,HOURGLASS,0.895,synthetic_rule
23,164.6,50.3,112.3,107.1,92.7,103.6,0.895,0.866,1.034,1.084,HOURGLASS,0.697,synthetic_rule
24,166.5,55.8,104.1,98.3,83.6,101.3,0.825,0.85,0.97,1.028,HOURGLASS,0.793,synthetic_rule
25,171.9,57.9,92.9,92.2,76.8,94.5,0.813,0.833,0.976,0.983,HOURGLASS,0.81,synthetic_rule
26,165.5,52.0,107.1,107.1,91.5,105.9,0.864,0.854,1.011,1.011,HOURGLASS,0.785,synthetic_rule
27,156.6,45.5,96.9,93.5,80.5,92.8,0.867,0.861,1.008,1.044,HOURGLASS,0.732,synthetic_rule
28,152.1,46.0,97.6,93.8,72.0,90.6,0.795,0.768,1.035,1.077,HOURGLASS,0.89,synthetic_rule
29,167.1,60.8,91.7,87.3,68.0,90.3,0.753,0.779,0.967,1.016,HOURGLASS,0.907,synthetic_rule
30,162.9,56.8,101.9,99.7,88.7,102.1,0.869,0.89,0.976,0.998,HOURGLASS,0.7,synthetic_rule
31,153.0,49.7,103.1,102.0,80.7,100.6,0.802,0.791,1.014,1.025,HOURGLASS,0.922,synthetic_rule
32,163.5,57.1,101.7,101.2,89.3,103.2,0.865,0.882,0.981,0.985,HOURGLASS,0.723,synthetic_rule
33,175.8,69.2,92.9,94.4,76.6,91.0,0.842,0.811,1.037,1.021,HOURGLASS,0.785,synthetic_rule
34,177.8,78.4,108.2,108.7,86.3,106.0,0.814,0.794,1.025,1.021,HOURGLASS,0.918,synthetic_rule
35,151.8,48.5,99.8,93.4,79.4,95.7,0.83,0.85,0.976,1.043,HOURGLASS,0.775,synthetic_rule
36,162.7,67.9,100.1,93.6,76.8,91.3,0.841,0.821,1.025,1.096,HOURGLASS,0.788,synthetic_rule
37,158.9,65.0,102.1,98.9,85.6,97.1,0.882,0.866,1.019,1.051,HOURGLASS,0.713,synthetic_rule
38,167.5,61.8,104.4,98.8,86.3,96.8,0.892,0.873,1.021,1.079,HOURGLASS,0.688,synthetic_rule
39,155.6,55.1,96.6,92.8,78.3,89.1,0.879,0.844,1.042,1.084,HOURGLASS,0.695,synthetic_rule
40,157.4,56.4,90.8,87.7,68.8,90.7,0.759,0.784,0.967,1.001,HOURGLASS,0.898,synthetic_rule
41,178.0,62.2,99.3,95.1,79.2,94.4,0.839,0.833,1.007,1.052,HOURGLASS,0.805,synthetic_rule
42,159.0,51.9,94.2,89.9,73.2,90.8,0.806,0.814,0.99,1.037,HOURGLASS,0.843,synthetic_rule
43,179.9,60.2,87.0,87.1,67.1,87.5,0.767,0.77,0.995,0.994,HOURGLASS,0.925,synthetic_rule
44,176.4,65.2,94.2,94.8,72.5,91.3,0.794,0.765,1.038,1.032,HOURGLASS,0.895,synthetic_rule
45,179.6,74.9,102.3,104.3,86.6,102.7,0.843,0.83,1.016,0.996,HOURGLASS,0.828,synthetic_rule
46,178.2,60.6,99.7,100.7,84.1,102.3,0.822,0.835,0.984,0.975,HOURGLASS,0.84,synthetic_rule
47,168.1,67.1,88.5,88.6,75.4,88.1,0.856,0.851,1.006,1.005,HOURGLASS,0.742,synthetic_rule
48,177.2,77.8,95.7,96.8,81.9,98.7,0.83,0.846,0.981,0.97,HOURGLASS,0.797,synthetic_rule
49,173.1,69.2,93.0,92.7,82.6,94.5,0.874,0.891,0.981,0.984,HOURGLASS,0.678,synthetic_rule
50,150.3,42.0,107.2,101.2,86.5,100.8,0.858,0.855,1.004,1.063,HOURGLASS,0.782,synthetic_rule
51,167.5,53.8,103.5,104.4,85.7,104.1,0.823,0.821,1.003,0.994,HOURGLASS,0.885,synthetic_rule
52,175.8,77.9,95.3,95.4,74.2,92.2,0.805,0.778,1.035,1.034,HOURGLASS,0.875,synthetic_rule
53,176.5,66.2,90.9,87.8,70.0,91.0,0.769,0.797,0.965,0.999,HOURGLASS,0.87,synthetic_rule
54,179.3,78.7,98.0,92.5,70.4,89.1,0.79,0.761,1.038,1.1,HOURGLASS,0.892,synthetic_rule
55,177.9,77.3,93.5,88.4,73.2,86.5,0.846,0.828,1.022,1.081,HOURGLASS,0.757,synthetic_rule
56,153.2,58.6,106.0,100.3,82.5,102.2,0.807,0.823,0.981,1.037,HOURGLASS,0.87,synthetic_rule
57,159.2,61.7,93.0,93.0,75.8,90.4,0.838,0.815,1.029,1.029,HOURGLASS,0.79,synthetic_rule
58,175.9,79.6,84.4,84.0,70.7,86.5,0.817,0.842,0.971,0.976,HOURGLASS,0.757,synthetic_rule
59,166.1,70.4,97.1,98.0,78.2,98.8,0.791,0.798,0.992,0.983,HOURGLASS,0.92,synthetic_rule
60,158.0,47.1,104.8,102.8,83.2,105.4,0.789,0.809,0.975,0.994,HOURGLASS,0.915,synthetic_rule
61,165.3,57.6,102.3,99.1,83.0,100.6,0.825,0.838,0.985,1.017,HOURGLASS,0.827,synthetic_rule
62,177.8,70.5,97.0,92.8,81.1,91.1,0.89,0.874,1.019,1.065,HOURGLASS,0.675,synthetic_rule
63,152.1,53.9,103.2,102.2,87.2,100.8,0.865,0.853,1.014,1.024,HOURGLASS,0.765,synthetic_rule
64,159.0,51.8,96.7,95.1,75.1,92.3,0.814,0.79,1.03,1.048,HOURGLASS,0.855,synthetic_rule
65,162.6,67.5,96.2,92.4,81.1,94.0,0.863,0.878,0.983,1.023,HOURGLASS,0.708,synthetic_rule
66,166.4,49.8,105.6,105.0,91.0,104.1,0.874,0.867,1.009,1.014,HOURGLASS,0.752,synthetic_rule
67,163.9,57.9,95.1,95.2,78.1,94.6,0.826,0.82,1.006,1.005,HOURGLASS,0.838,synthetic_rule
68,155.1,44.9,101.3,98.7,77.5,95.5,0.812,0.785,1.034,1.061,HOURGLASS,0.875,synthetic_rule
69,172.5,69.6,97.3,97.3,79.2,98.7,0.802,0.814,0.986,0.986,HOURGLASS,0.877,synthetic_rule
70,164.3,66.9,85.0,86.2,73.7,90.0,0.819,0.855,0.958,0.944,HOURGLASS,0.738,synthetic_rule
71,170.9,64.1,95.5,95.3,82.3,94.3,0.873,0.864,1.011,1.013,HOURGLASS,0.725,synthetic_rule
72,173.1,56.5,96.9,95.2,77.7,99.1,0.784,0.816,0.961,0.978,HOURGLASS,0.863,synthetic_rule
73,151.5,45.9,98.5,93.2,74.3,89.5,0.83,0.797,1.041,1.101,HOURGLASS,0.805,synthetic_rule
74,179.6,73.4,103.9,97.5,78.5,95.1,0.825,0.805,1.025,1.093,HOURGLASS,0.84,synthetic_rule
75,165.1,67.2,107.8,104.7,86.6,103.8,0.834,0.827,1.009,1.039,HOURGLASS,0.855,synthetic_rule
76,157.8,49.7,109.9,105.9,89.2,103.9,0.859,0.842,1.019,1.058,HOURGLASS,0.793,synthetic_rule
77,158.2,46.6,102.1,101.5,85.0,101.3,0.839,0.837,1.002,1.008,HOURGLASS,0.833,synthetic_rule
78,154.2,47.2,93.8,90.0,74.6,91.4,0.816,0.829,0.985,1.026,HOURGLASS,0.81,synthetic_rule
79,166.3,59.0,96.5,96.6,82.6,100.1,0.825,0.855,0.965,0.964,HOURGLASS,0.775,synthetic_rule
80,170.9,72.6,102.4,97.6,78.6,94.4,0.833,0.805,1.034,1.085,HOURGLASS,0.82,synthetic_rule
81,172.6,74.0,95.6,89.7,76.1,93.6,0.813,0.848,0.958,1.021,HOURGLASS,0.765,synthetic_rule
82,168.1,55.8,96.4,96.4,78.9,94.4,0.836,0.818,1.021,1.021,HOURGLASS,0.812,synthetic_rule
83,170.4,61.7,90.4,90.9,77.6,94.7,0.819,0.854,0.96,0.955,HOURGLASS,0.758,synthetic_rule
84,150.8,48.1,95.2,92.4,76.1,95.3,0.799,0.824,0.97,0.999,HOURGLASS,0.833,synthetic_rule
85,163.9,49.4,88.9,87.7,75.2,86.5,0.869,0.857,1.014,1.028,HOURGLASS,0.707,synthetic_rule
86,161.4,62.6,93.7,88.8,71.2,90.2,0.789,0.802,0.984,1.039,HOURGLASS,0.865,synthetic_rule
87,166.2,71.8,88.7,87.7,77.5,91.0,0.852,0.884,0.964,0.975,HOURGLASS,0.68,synthetic_rule
88,172.6,76.3,101.1,101.3,82.5,99.0,0.833,0.814,1.023,1.021,HOURGLASS,0.838,synthetic_rule
89,170.1,65.1,83.6,83.6,72.4,86.4,0.838,0.866,0.968,0.968,HOURGLASS,0.705,synthetic_rule
90,168.2,67.9,101.1,102.1,88.3,100.0,0.883,0.865,1.021,1.011,HOURGLASS,0.718,synthetic_rule
91,150.8,46.6,110.4,106.1,91.3,102.4,0.892,0.861,1.036,1.078,HOURGLASS,0.703,synthetic_rule
92,152.3,54.6,108.1,104.3,87.2,105.2,0.829,0.836,0.991,1.028,HOURGLASS,0.852,synthetic_rule
93,168.0,53.5,96.4,90.2,69.5,88.0,0.79,0.771,1.025,1.095,HOURGLASS,0.887,synthetic_rule
94,161.1,57.2,101.5,100.4,86.1,101.7,0.847,0.858,0.987,0.998,HOURGLASS,0.783,synthetic_rule
95,178.8,73.8,111.4,105.6,91.9,103.0,0.892,0.87,1.025,1.082,HOURGLASS,0.702,synthetic_rule
96,179.0,64.6,104.9,99.6,82.3,100.1,0.822,0.826,0.995,1.048,HOURGLASS,0.857,synthetic_rule
97,171.9,59.5,102.1,96.6,82.3,96.8,0.85,0.852,0.998,1.055,HOURGLASS,0.782,synthetic_rule
98,157.3,53.7,102.8,99.3,80.5,102.6,0.785,0.811,0.968,1.002,HOURGLASS,0.895,synthetic_rule
99,155.5,47.6,94.5,89.8,71.3,93.6,0.762,0.794,0.959,1.01,HOURGLASS,0.887,synthetic_rule
100,158.3,45.3,102.1,95.8,75.8,92.8,0.817,0.791,1.032,1.1,HOURGLASS,0.85,synthetic_rule
101,172.7,70.2,92.9,89.5,72.8,87.7,0.83,0.813,1.021,1.059,HOURGLASS,0.798,synthetic_rule
102,156.6,57.7,98.9,98.2,84.9,95.8,0.886,0.865,1.025,1.032,HOURGLASS,0.697,synthetic_rule
103,162.8,63.5,98.4,97.4,82.1,97.6,0.841,0.843,0.998,1.008,HOURGLASS,0.808,synthetic_rule
104,153.6,46.1,97.3,98.2,85.7,100.1,0.856,0.873,0.981,0.972,HOURGLASS,0.738,synthetic_rule
105,156.5,53.6,103.3,98.8,84.9,96.7,0.878,0.859,1.022,1.068,HOURGLASS,0.72,synthetic_rule
106,153.0,45.8,105.8,105.7,92.7,105.5,0.879,0.877,1.002,1.003,HOURGLASS,0.745,synthetic_rule
107,158.2,64.6,88.3,85.7,70.4,89.6,0.786,0.821,0.956,0.985,HOURGLASS,0.807,synthetic_rule
108,164.7,67.8,100.1,97.0,78.3,99.9,0.784,0.807,0.971,1.002,HOURGLASS,0.893,synthetic_rule
109,151.5,58.6,97.1,94.9,83.1,95.4,0.871,0.876,0.995,1.018,HOURGLASS,0.72,synthetic_rule
110,168.9,52.6,100.9,101.6,90.9,102.4,0.888,0.895,0.992,0.985,HOURGLASS,0.692,synthetic_rule
111,153.6,56.9,99.0,95.7,75.7,97.3,0.778,0.791,0.984,1.017,HOURGLASS,0.925,synthetic_rule
112,163.5,57.6,105.3,99.6,84.4,101.8,0.829,0.847,0.978,1.034,HOURGLASS,0.805,synthetic_rule
113,168.3,67.8,111.0,104.2,88.0,105.8,0.832,0.845,0.985,1.049,HOURGLASS,0.83,synthetic_rule
114,154.7,46.4,86.6,87.8,71.2,90.2,0.789,0.811,0.973,0.96,HOURGLASS,0.84,synthetic_rule
115,158.7,50.0,89.4,85.7,69.7,86.1,0.81,0.813,0.995,1.038,HOURGLASS,0.825,synthetic_rule
116,177.7,76.7,103.3,99.7,82.8,100.1,0.827,0.83,0.996,1.032,HOURGLASS,0.848,synthetic_rule
117,166.3,64.1,109.0,102.7,85.0,99.2,0.857,0.828,1.035,1.099,HOURGLASS,0.78,synthetic_rule
118,159.2,60.8,102.2,99.1,87.4,102.5,0.853,0.882,0.967,0.997,HOURGLASS,0.717,synthetic_rule
119,171.0,74.7,91.0,88.8,71.9,91.8,0.783,0.81,0.967,0.991,HOURGLASS,0.847,synthetic_rule
120,163.0,54.7,92.7,92.5,82.1,95.9,0.856,0.888,0.965,0.967,HOURGLASS,0.685,synthetic_rule
121,167.3,71.7,93.8,87.7,76.8,84.0,0.914,0.876,1.044,1.117,RECTANGLE,0.632,synthetic_rule
122,172.7,64.9,98.6,94.9,91.7,96.8,0.947,0.966,0.98,1.019,RECTANGLE,0.678,synthetic_rule
123,169.0,62.6,98.4,99.6,93.7,102.2,0.917,0.941,0.975,0.963,RECTANGLE,0.66,synthetic_rule
124,175.7,63.7,92.0,88.3,82.0,89.7,0.914,0.929,0.984,1.026,RECTANGLE,0.69,synthetic_rule
125,166.5,60.0,92.7,91.9,81.3,88.3,0.921,0.885,1.041,1.05,RECTANGLE,0.635,synthetic_rule
126,165.4,70.9,96.5,92.9,84.1,89.1,0.944,0.905,1.043,1.083,RECTANGLE,0.63,synthetic_rule
127,160.9,62.3,96.6,93.2,89.3,93.9,0.951,0.958,0.993,1.029,RECTANGLE,0.707,synthetic_rule
128,177.8,68.0,100.4,96.3,90.6,98.7,0.918,0.941,0.976,1.017,RECTANGLE,0.665,synthetic_rule
129,157.2,47.6,91.1,88.5,78.6,84.7,0.928,0.888,1.045,1.076,RECTANGLE,0.63,synthetic_rule
130,177.4,68.3,90.0,90.9,82.9,94.1,0.881,0.912,0.966,0.956,RECTANGLE,0.645,synthetic_rule
131,165.3,55.2,105.8,100.3,93.7,100.3,0.934,0.934,1.0,1.055,RECTANGLE,0.725,synthetic_rule
132,161.5,66.2,104.1,101.5,95.8,103.6,0.925,0.944,0.98,1.005,RECTANGLE,0.673,synthetic_rule
133,173.7,64.3,111.0,104.3,97.0,101.3,0.958,0.93,1.03,1.096,RECTANGLE,0.65,synthetic_rule
134,159.0,57.4,102.4,95.7,88.8,93.2,0.953,0.928,1.027,1.099,RECTANGLE,0.662,synthetic_rule
135,160.4,57.7,92.6,90.0,84.3,92.8,0.908,0.937,0.97,0.998,RECTANGLE,0.655,synthetic_rule
136,170.9,65.9,90.7,90.6,86.6,92.0,0.941,0.956,0.985,0.986,RECTANGLE,0.69,synthetic_rule
137,171.2,71.8,96.8,95.4,88.7,99.1,0.895,0.93,0.963,0.977,RECTANGLE,0.633,synthetic_rule
138,164.9,49.8,101.7,99.2,88.7,96.6,0.918,0.894,1.027,1.053,RECTANGLE,0.66,synthetic_rule
139,163.2,59.1,100.0,97.9,87.6,95.0,0.922,0.895,1.031,1.053,RECTANGLE,0.652,synthetic_rule
140,154.6,52.0,103.7,97.2,90.9,97.9,0.928,0.935,0.993,1.059,RECTANGLE,0.707,synthetic_rule
141,175.6,76.5,96.2,91.0,83.2,89.4,0.931,0.914,1.018,1.076,RECTANGLE,0.685,synthetic_rule
142,172.8,74.6,87.4,88.9,82.3,90.4,0.91,0.926,0.983,0.967,RECTANGLE,0.688,synthetic_rule
143,179.9,77.6,86.2,84.6,75.9,83.5,0.909,0.897,1.013,1.032,RECTANGLE,0.698,synthetic_rule
144,163.3,62.8,90.4,85.2,76.8,84.2,0.912,0.901,1.012,1.074,RECTANGLE,0.7,synthetic_rule
145,161.2,49.8,87.8,85.4,78.5,83.0,0.946,0.919,1.029,1.058,RECTANGLE,0.665,synthetic_rule
146,152.4,58.0,100.3,96.8,90.6,94.5,0.959,0.936,1.024,1.061,RECTANGLE,0.668,synthetic_rule
147,163.8,53.7,90.9,90.6,83.6,87.3,0.958,0.923,1.038,1.041,RECTANGLE,0.643,synthetic_rule
148,170.3,55.9,86.3,84.6,74.7,82.2,0.909,0.883,1.029,1.05,RECTANGLE,0.665,synthetic_rule
149,162.7,52.9,95.4,90.3,83.4,89.6,0.931,0.924,1.008,1.065,RECTANGLE,0.707,synthetic_rule
150,157.1,55.7,88.2,85.5,80.0,86.4,0.926,0.936,0.99,1.021,RECTANGLE,0.702,synthetic_rule
151,169.7,58.2,105.4,102.2,94.3,103.8,0.908,0.923,0.985,1.015,RECTANGLE,0.685,synthetic_rule
152,168.2,62.2,105.1,99.0,93.8,97.1,0.966,0.947,1.02,1.082,RECTANGLE,0.677,synthetic_rule
153,160.6,59.6,94.0,90.7,82.3,88.3,0.932,0.907,1.027,1.065,RECTANGLE,0.665,synthetic_rule
154,175.2,70.7,104.8,98.7,90.6,96.9,0.935,0.918,1.019,1.082,RECTANGLE,0.68,synthetic_rule
155,167.4,66.9,93.6,94.7,89.5,96.2,0.93,0.945,0.984,0.973,RECTANGLE,0.688,synthetic_rule
156,154.0,52.9,96.6,90.5,84.6,88.5,0.956,0.935,1.023,1.092,RECTANGLE,0.675,synthetic_rule
157,157.7,61.2,99.3,97.0,86.5,93.7,0.923,0.892,1.035,1.06,RECTANGLE,0.643,synthetic_rule
158,153.5,60.6,101.0,101.7,95.0,99.7,0.953,0.934,1.02,1.013,RECTANGLE,0.675,synthetic_rule
159,179.4,82.8,111.7,106.1,96.6,103.3,0.935,0.91,1.027,1.081,RECTANGLE,0.655,synthetic_rule
160,166.1,59.7,96.1,92.4,87.0,90.0,0.967,0.942,1.027,1.068,RECTANGLE,0.665,synthetic_rule
161,178.2,59.9,97.6,97.5,89.7,96.8,0.927,0.92,1.007,1.008,RECTANGLE,0.707,synthetic_rule
162,177.5,62.3,84.4,85.6,76.7,82.6,0.929,0.896,1.036,1.022,RECTANGLE,0.65,synthetic_rule
163,162.2,50.3,110.1,103.4,95.6,100.1,0.955,0.925,1.033,1.1,RECTANGLE,0.642,synthetic_rule
164,176.6,59.5,90.4,88.6,85.2,88.7,0.961,0.962,0.999,1.019,RECTANGLE,0.722,synthetic_rule
165,162.6,63.3,98.1,98.7,89.0,96.8,0.919,0.902,1.02,1.013,RECTANGLE,0.677,synthetic_rule
166,162.2,67.4,86.4,87.9,82.5,91.1,0.906,0.939,0.965,0.948,RECTANGLE,0.645,synthetic_rule
167,175.7,58.0,93.4,89.7,81.9,90.2,0.908,0.913,0.994,1.035,RECTANGLE,0.713,synthetic_rule
168,161.9,51.2,96.9,97.8,89.2,94.0,0.949,0.912,1.04,1.031,RECTANGLE,0.63,synthetic_rule
169,169.3,65.3,98.5,100.3,94.0,100.7,0.933,0.937,0.996,0.978,RECTANGLE,0.715,synthetic_rule
170,166.9,51.7,102.1,97.3,93.6,99.3,0.943,0.962,0.98,1.028,RECTANGLE,0.675,synthetic_rule
171,159.9,49.0,89.4,84.3,76.9,86.6,0.888,0.912,0.973,1.032,RECTANGLE,0.668,synthetic_rule
172,153.9,47.4,84.5,84.9,78.3,82.1,0.954,0.922,1.034,1.029,RECTANGLE,0.655,synthetic_rule
173,173.7,60.1,93.5,92.7,89.7,96.5,0.93,0.968,0.961,0.969,RECTANGLE,0.63,synthetic_rule
174,165.8,65.9,84.2,82.3,75.5,85.8,0.88,0.917,0.959,0.981,RECTANGLE,0.637,synthetic_rule
175,165.1,69.7,97.6,99.2,95.6,99.1,0.965,0.964,1.001,0.985,RECTANGLE,0.722,synthetic_rule
176,163.7,68.9,100.7,102.2,93.6,99.2,0.944,0.916,1.03,1.015,RECTANGLE,0.65,synthetic_rule
177,164.7,68.6,90.6,91.8,85.3,92.5,0.922,0.929,0.992,0.979,RECTANGLE,0.707,synthetic_rule
178,158.3,57.8,87.1,84.6,80.4,83.8,0.959,0.95,1.01,1.039,RECTANGLE,0.705,synthetic_rule
179,163.6,61.1,92.1,93.1,83.5,89.2,0.936,0.897,1.044,1.033,RECTANGLE,0.628,synthetic_rule
180,173.1,71.2,100.2,100.3,91.2,97.4,0.936,0.909,1.03,1.029,RECTANGLE,0.653,synthetic_rule
181,163.6,57.1,88.8,89.8,85.1,91.9,0.926,0.948,0.977,0.966,RECTANGLE,0.672,synthetic_rule
182,154.6,60.7,91.4,92.7,86.5,91.4,0.946,0.933,1.014,1.0,RECTANGLE,0.693,synthetic_rule
183,172.2,72.6,99.9,97.0,93.6,100.3,0.933,0.965,0.967,0.996,RECTANGLE,0.643,synthetic_rule
184,153.7,49.2,99.2,95.4,90.3,94.9,0.952,0.947,1.005,1.045,RECTANGLE,0.713,synthetic_rule
185,179.1,73.1,102.7,101.5,91.9,98.5,0.933,0.905,1.03,1.043,RECTANGLE,0.65,synthetic_rule
186,156.7,46.3,97.6,92.4,86.1,94.7,0.909,0.932,0.976,1.031,RECTANGLE,0.668,synthetic_rule
187,174.2,75.1,98.4,92.2,84.2,90.1,0.935,0.913,1.023,1.092,RECTANGLE,0.672,synthetic_rule
188,150.8,57.8,106.4,100.9,93.8,100.0,0.938,0.93,1.009,1.064,RECTANGLE,0.702,synthetic_rule
189,159.3,52.6,83.6,85.3,78.8,87.9,0.896,0.924,0.97,0.951,RECTANGLE,0.66,synthetic_rule
190,154.3,54.9,99.9,101.7,96.1,101.1,0.951,0.945,1.006,0.988,RECTANGLE,0.71,synthetic_rule
191,160.2,53.8,100.4,96.1,91.0,98.4,0.925,0.947,0.977,1.02,RECTANGLE,0.667,synthetic_rule
192,151.6,44.3,103.1,99.6,95.7,99.1,0.966,0.961,1.005,1.04,RECTANGLE,0.713,synthetic_rule
193,164.6,58.3,95.4,95.0,88.7,96.8,0.916,0.934,0.981,0.986,RECTANGLE,0.68,synthetic_rule
194,158.5,58.9,97.8,95.5,90.4,98.6,0.917,0.947,0.969,0.992,RECTANGLE,0.648,synthetic_rule
195,168.0,51.0,93.7,93.0,88.1,96.7,0.911,0.947,0.962,0.969,RECTANGLE,0.632,synthetic_rule
196,159.8,46.1,87.7,83.7,79.5,86.6,0.918,0.95,0.967,1.013,RECTANGLE,0.653,synthetic_rule
197,165.0,67.2,89.4,84.9,78.4,85.9,0.913,0.923,0.988,1.041,RECTANGLE,0.7,synthetic_rule
198,150.6,57.5,91.5,86.5,80.4,83.6,0.962,0.929,1.035,1.094,RECTANGLE,0.652,synthetic_rule
199,162.5,50.0,93.6,95.3,88.1,94.7,0.93,0.924,1.006,0.988,RECTANGLE,0.71,synthetic_rule
200,175.0,77.7,90.5,91.6,83.1,89.1,0.933,0.907,1.028,1.016,RECTANGLE,0.662,synthetic_rule
201,165.7,58.1,99.3,98.5,92.6,100.6,0.92,0.94,0.979,0.987,RECTANGLE,0.673,synthetic_rule
202,165.3,51.7,90.4,88.1,84.3,89.5,0.942,0.957,0.984,1.01,RECTANGLE,0.69,synthetic_rule
203,174.6,74.8,100.8,100.7,94.1,101.9,0.923,0.934,0.988,0.989,RECTANGLE,0.695,synthetic_rule
204,172.8,69.4,82.5,82.8,76.8,85.2,0.901,0.928,0.972,0.968,RECTANGLE,0.665,synthetic_rule
205,172.8,64.5,105.3,99.0,92.2,99.0,0.931,0.931,1.0,1.064,RECTANGLE,0.725,synthetic_rule
206,175.9,71.2,94.9,95.5,88.3,94.4,0.935,0.925,1.012,1.005,RECTANGLE,0.698,synthetic_rule
207,158.2,46.2,85.1,83.0,78.5,83.5,0.94,0.946,0.994,1.019,RECTANGLE,0.713,synthetic_rule
208,175.0,57.0,93.5,88.4,85.2,88.8,0.959,0.964,0.995,1.053,RECTANGLE,0.715,synthetic_rule
209,163.9,60.3,106.9,101.7,95.3,100.8,0.945,0.937,1.009,1.061,RECTANGLE,0.702,synthetic_rule
210,169.6,59.2,103.6,101.3,94.3,101.7,0.927,0.931,0.996,1.019,RECTANGLE,0.715,synthetic_rule
211,177.0,65.0,85.4,81.8,78.3,85.3,0.918,0.957,0.959,1.001,RECTANGLE,0.637,synthetic_rule
212,163.1,57.2,92.9,90.5,86.2,93.1,0.926,0.952,0.972,0.998,RECTANGLE,0.66,synthetic_rule
213,162.3,54.5,87.4,84.5,80.1,85.5,0.937,0.948,0.988,1.022,RECTANGLE,0.7,synthetic_rule
214,152.8,54.7,101.1,100.5,96.0,99.4,0.966,0.955,1.011,1.017,RECTANGLE,0.698,synthetic_rule
215,176.2,64.2,102.4,99.2,90.4,97.9,0.923,0.911,1.013,1.046,RECTANGLE,0.693,synthetic_rule
216,171.0,61.8,86.7,83.9,76.1,85.1,0.894,0.907,0.986,1.019,RECTANGLE,0.695,synthetic_rule
217,173.7,73.9,105.2,101.1,96.2,102.6,0.938,0.952,0.985,1.025,RECTANGLE,0.688,synthetic_rule
218,165.8,63.7,103.9,102.1,93.8,100.2,0.936,0.919,1.019,1.037,RECTANGLE,0.678,synthetic_rule
219,156.4,62.6,91.0,88.9,85.0,90.0,0.944,0.956,0.988,1.011,RECTANGLE,0.698,synthetic_rule
220,175.3,57.8,88.3,84.1,80.7,87.0,0.928,0.96,0.967,1.015,RECTANGLE,0.652,synthetic_rule
221,160.1,61.9,102.6,103.4,97.2,100.4,0.968,0.94,1.03,1.022,RECTANGLE,0.65,synthetic_rule
222,173.1,73.3,87.2,87.6,80.4,90.3,0.89,0.918,0.97,0.966,RECTANGLE,0.657,synthetic_rule
223,157.1,53.2,91.4,90.9,84.5,91.6,0.922,0.93,0.992,0.998,RECTANGLE,0.708,synthetic_rule
224,159.3,62.1,100.3,98.1,92.4,98.5,0.938,0.942,0.996,1.018,RECTANGLE,0.715,synthetic_rule
225,179.5,69.9,99.8,99.3,91.6,100.4,0.912,0.922,0.989,0.994,RECTANGLE,0.697,synthetic_rule
226,174.5,74.3,89.9,90.6,82.6,90.4,0.914,0.912,1.002,0.994,RECTANGLE,0.72,synthetic_rule
227,166.6,52.2,93.6,88.6,80.1,87.5,0.915,0.904,1.013,1.07,RECTANGLE,0.698,synthetic_rule
228,158.2,63.2,98.3,99.0,92.2,100.7,0.916,0.931,0.983,0.976,RECTANGLE,0.682,synthetic_rule
229,163.5,55.6,93.5,95.2,87.5,91.6,0.955,0.919,1.039,1.021,RECTANGLE,0.635,synthetic_rule
230,179.8,67.9,81.7,83.2,79.0,83.2,0.95,0.95,1.0,0.982,RECTANGLE,0.725,synthetic_rule
231,173.7,57.6,105.8,105.2,96.2,102.5,0.939,0.914,1.026,1.032,RECTANGLE,0.657,synthetic_rule
232,171.2,63.3,99.8,101.8,96.6,100.3,0.963,0.949,1.015,0.995,RECTANGLE,0.688,synthetic_rule
233,166.5,66.0,84.0,81.8,74.6,83.7,0.891,0.912,0.977,1.004,RECTANGLE,0.677,synthetic_rule
234,151.4,49.0,87.1,82.8,78.2,84.4,0.927,0.944,0.981,1.032,RECTANGLE,0.685,synthetic_rule
235,167.9,51.1,91.2,88.9,81.4,92.1,0.884,0.916,0.965,0.99,RECTANGLE,0.645,synthetic_rule
236,168.4,56.5,86.0,84.5,79.3,87.3,0.908,0.938,0.968,0.985,RECTANGLE,0.655,synthetic_rule
237,152.0,51.3,95.7,93.3,85.4,96.6,0.884,0.915,0.966,0.991,RECTANGLE,0.643,synthetic_rule
238,164.1,62.2,111.3,104.2,98.8,103.7,0.953,0.948,1.005,1.073,RECTANGLE,0.713,synthetic_rule
239,160.3,61.3,86.8,83.7,76.8,87.6,0.877,0.918,0.955,0.991,RECTANGLE,0.628,synthetic_rule
240,151.3,51.2,106.3,100.9,94.3,99.0,0.953,0.935,1.019,1.074,RECTANGLE,0.677,synthetic_rule
241,170.9,67.3,86.2,81.9,74.7,99.5,0.751,0.912,0.823,0.866,PEAR,0.865,synthetic_rule
242,158.8,46.3,79.5,79.7,72.6,97.3,0.746,0.911,0.819,0.817,PEAR,0.865,synthetic_rule
243,179.7,72.2,77.8,77.6,69.9,96.8,0.722,0.901,0.802,0.804,PEAR,0.905,synthetic_rule
244,173.4,74.9,101.0,100.0,93.8,111.1,0.844,0.938,0.9,0.909,PEAR,0.702,synthetic_rule
245,172.3,74.7,86.7,85.4,74.4,98.5,0.755,0.871,0.867,0.88,PEAR,0.752,synthetic_rule
246,177.7,70.0,106.3,101.0,93.5,115.5,0.81,0.926,0.874,0.92,PEAR,0.788,synthetic_rule
247,174.7,68.3,101.6,100.7,92.3,110.5,0.835,0.917,0.911,0.919,PEAR,0.67,synthetic_rule
248,168.1,60.5,84.7,81.3,75.6,97.6,0.775,0.93,0.833,0.868,PEAR,0.833,synthetic_rule
249,160.6,67.0,94.0,93.6,82.7,103.0,0.803,0.884,0.909,0.913,PEAR,0.66,synthetic_rule
250,169.1,59.8,101.2,96.2,92.5,115.6,0.8,0.962,0.832,0.875,PEAR,0.91,synthetic_rule
251,168.2,68.6,88.6,90.1,85.8,109.6,0.783,0.952,0.822,0.808,PEAR,0.913,synthetic_rule
252,161.5,58.8,82.5,79.8,73.5,97.3,0.755,0.921,0.82,0.848,PEAR,0.863,synthetic_rule
253,172.9,67.5,92.6,90.1,83.8,109.6,0.765,0.93,0.822,0.845,PEAR,0.913,synthetic_rule
254,153.4,56.2,90.0,87.8,82.6,104.0,0.794,0.941,0.844,0.865,PEAR,0.83,synthetic_rule
255,157.8,53.7,94.8,88.6,83.2,103.7,0.802,0.939,0.854,0.914,PEAR,0.803,synthetic_rule
256,153.7,58.6,84.3,82.6,75.2,101.7,0.739,0.91,0.812,0.829,PEAR,0.903,synthetic_rule
257,170.5,72.0,101.0,100.1,96.3,114.0,0.845,0.962,0.878,0.886,PEAR,0.773,synthetic_rule
258,176.7,77.5,97.3,93.2,85.4,102.9,0.83,0.916,0.906,0.946,PEAR,0.668,synthetic_rule
259,165.3,51.8,98.3,98.5,88.4,114.5,0.772,0.897,0.86,0.859,PEAR,0.825,synthetic_rule
260,166.6,58.2,85.3,81.1,77.8,98.8,0.787,0.959,0.821,0.863,PEAR,0.868,synthetic_rule
261,159.3,66.0,95.4,91.3,87.5,107.0,0.818,0.958,0.853,0.892,PEAR,0.818,synthetic_rule
262,152.2,59.7,92.5,89.1,78.6,106.5,0.738,0.882,0.837,0.869,PEAR,0.86,synthetic_rule
263,176.3,75.3,91.8,88.5,82.4,105.0,0.785,0.931,0.843,0.874,PEAR,0.838,synthetic_rule
264,177.3,58.0,79.3,80.0,73.1,99.6,0.734,0.914,0.803,0.796,PEAR,0.915,synthetic_rule
265,171.3,60.9,93.9,88.2,82.3,99.1,0.83,0.933,0.89,0.948,PEAR,0.697,synthetic_rule
266,169.1,64.1,94.8,95.6,90.3,113.9,0.793,0.945,0.839,0.832,PEAR,0.883,synthetic_rule
267,155.1,61.4,86.7,87.2,79.7,102.1,0.781,0.914,0.854,0.849,PEAR,0.797,synthetic_rule
268,175.3,69.2,97.2,92.2,83.8,109.2,0.767,0.909,0.844,0.89,PEAR,0.85,synthetic_rule
269,167.3,65.0,91.4,87.1,78.3,96.6,0.811,0.899,0.902,0.946,PEAR,0.662,synthetic_rule
270,168.8,57.9,94.1,88.3,80.8,104.3,0.775,0.915,0.847,0.902,PEAR,0.825,synthetic_rule
271,158.9,46.9,86.5,87.8,78.6,105.7,0.744,0.895,0.831,0.818,PEAR,0.873,synthetic_rule
272,168.2,58.0,94.5,90.5,85.6,104.8,0.817,0.946,0.864,0.902,PEAR,0.782,synthetic_rule
273,153.9,49.7,95.0,92.2,80.4,110.7,0.726,0.872,0.833,0.858,PEAR,0.887,synthetic_rule
274,157.4,46.5,88.8,88.3,82.8,102.4,0.809,0.938,0.862,0.867,PEAR,0.778,synthetic_rule
275,176.0,59.7,88.7,87.9,82.7,103.7,0.797,0.941,0.848,0.855,PEAR,0.82,synthetic_rule
276,164.9,60.1,97.5,95.1,85.2,107.6,0.792,0.896,0.884,0.906,PEAR,0.738,synthetic_rule
277,165.2,70.2,92.8,92.9,81.4,102.2,0.796,0.876,0.909,0.908,PEAR,0.657,synthetic_rule
278,176.5,72.4,95.6,93.5,86.0,103.1,0.834,0.92,0.907,0.927,PEAR,0.665,synthetic_rule
279,176.5,74.2,92.7,88.4,81.5,106.7,0.764,0.922,0.828,0.869,PEAR,0.882,synthetic_rule
280,155.8,54.4,88.7,89.9,81.8,103.3,0.792,0.91,0.87,0.859,PEAR,0.76,synthetic_rule
281,179.7,75.7,87.9,88.7,83.2,106.1,0.784,0.938,0.836,0.828,PEAR,0.86,synthetic_rule
282,160.2,65.5,107.1,102.2,92.0,115.5,0.797,0.9,0.885,0.927,PEAR,0.757,synthetic_rule
283,151.4,43.8,86.3,85.4,77.9,100.0,0.779,0.912,0.854,0.863,PEAR,0.79,synthetic_rule
284,165.5,56.5,94.6,91.4,83.0,105.5,0.787,0.908,0.866,0.897,PEAR,0.777,synthetic_rule
285,159.0,52.3,83.7,79.4,69.7,99.3,0.702,0.878,0.8,0.843,PEAR,0.922,synthetic_rule
286,174.5,63.8,93.6,89.9,84.2,106.6,0.79,0.937,0.843,0.878,PEAR,0.842,synthetic_rule
287,171.8,69.4,98.4,100.2,90.0,115.6,0.779,0.898,0.867,0.851,PEAR,0.81,synthetic_rule
288,173.3,67.9,89.8,85.9,75.8,105.5,0.718,0.882,0.814,0.851,PEAR,0.915,synthetic_rule
289,168.6,70.3,96.2,96.8,88.1,107.7,0.818,0.91,0.899,0.893,PEAR,0.698,synthetic_rule
290,153.3,42.7,101.1,100.3,88.7,109.6,0.809,0.884,0.915,0.922,PEAR,0.657,synthetic_rule
291,173.2,76.1,87.2,82.4,75.7,99.0,0.765,0.919,0.832,0.881,PEAR,0.84,synthetic_rule
292,156.2,50.3,105.0,101.0,96.8,110.7,0.874,0.958,0.912,0.949,PEAR,0.668,synthetic_rule
293,177.4,65.3,95.2,94.1,89.5,106.5,0.84,0.951,0.884,0.894,PEAR,0.735,synthetic_rule
294,170.8,66.7,94.2,94.5,85.7,111.4,0.769,0.907,0.848,0.846,PEAR,0.848,synthetic_rule
295,179.2,65.4,86.3,85.8,80.8,100.9,0.801,0.942,0.85,0.855,PEAR,0.803,synthetic_rule
296,160.5,65.6,87.7,83.4,77.5,100.1,0.774,0.929,0.833,0.876,PEAR,0.842,synthetic_rule
297,161.4,67.3,96.0,91.1,82.0,101.5,0.808,0.9,0.898,0.946,PEAR,0.685,synthetic_rule
298,158.6,59.6,98.3,97.2,91.6,115.1,0.796,0.942,0.844,0.854,PEAR,0.872,synthetic_rule
299,156.1,54.4,98.9,93.0,85.7,104.8,0.818,0.922,0.887,0.944,PEAR,0.72,synthetic_rule
300,167.6,56.0,103.4,99.4,90.9,109.9,0.827,0.914,0.904,0.941,PEAR,0.688,synthetic_rule
301,162.4,62.6,89.6,90.6,87.1,106.6,0.817,0.961,0.85,0.841,PEAR,0.825,synthetic_rule
302,177.9,67.3,109.0,102.4,94.4,111.4,0.847,0.922,0.919,0.978,PEAR,0.65,synthetic_rule
303,178.9,65.8,103.1,99.3,94.5,113.6,0.832,0.952,0.874,0.908,PEAR,0.782,synthetic_rule
304,166.1,65.6,110.9,104.2,96.0,114.2,0.841,0.921,0.912,0.971,PEAR,0.675,synthetic_rule
305,155.3,61.2,110.5,103.3,92.4,114.3,0.808,0.894,0.904,0.967,PEAR,0.7,synthetic_rule
306,178.9,81.3,94.8,89.5,78.1,103.9,0.752,0.873,0.861,0.912,PEAR,0.785,synthetic_rule
307,179.5,65.3,86.5,80.9,77.0,96.2,0.8,0.952,0.841,0.899,PEAR,0.807,synthetic_rule
308,175.5,67.0,92.2,92.4,81.0,106.9,0.758,0.877,0.864,0.862,PEAR,0.788,synthetic_rule
309,157.7,48.5,91.6,87.5,80.3,98.3,0.817,0.918,0.89,0.932,PEAR,0.695,synthetic_rule
310,155.3,59.9,102.5,96.6,86.8,111.8,0.776,0.899,0.864,0.917,PEAR,0.805,synthetic_rule
311,170.1,56.4,97.2,97.9,94.1,112.5,0.836,0.961,0.87,0.864,PEAR,0.79,synthetic_rule
312,157.1,59.3,96.7,90.7,85.4,102.5,0.833,0.942,0.885,0.943,PEAR,0.72,synthetic_rule
313,169.6,67.7,83.9,85.1,82.0,102.0,0.804,0.964,0.834,0.823,PEAR,0.848,synthetic_rule
314,165.1,68.6,89.7,86.0,79.3,98.4,0.806,0.922,0.874,0.912,PEAR,0.735,synthetic_rule
315,158.9,57.9,91.9,91.9,80.7,102.2,0.79,0.878,0.899,0.899,PEAR,0.682,synthetic_rule
316,168.2,60.3,90.6,88.0,78.3,98.7,0.793,0.89,0.892,0.918,PEAR,0.693,synthetic_rule
317,156.6,49.0,94.8,90.5,81.5,105.4,0.773,0.901,0.859,0.899,PEAR,0.798,synthetic_rule
318,171.1,54.5,106.8,103.6,96.5,113.5,0.85,0.931,0.913,0.941,PEAR,0.673,synthetic_rule
319,167.2,53.7,83.0,82.2,74.7,97.2,0.769,0.909,0.846,0.854,PEAR,0.8,synthetic_rule
320,167.5,52.5,98.6,96.1,91.3,106.4,0.858,0.95,0.903,0.927,PEAR,0.683,synthetic_rule
321,163.7,49.5,100.3,98.2,90.6,112.2,0.807,0.923,0.875,0.894,PEAR,0.775,synthetic_rule
322,174.5,73.0,98.3,95.2,88.6,112.1,0.79,0.931,0.849,0.877,PEAR,0.847,synthetic_rule
323,179.8,82.4,82.9,84.1,80.5,96.9,0.831,0.957,0.868,0.856,PEAR,0.745,synthetic_rule
324,173.1,72.3,112.5,105.3,98.6,114.7,0.86,0.936,0.918,0.981,PEAR,0.66,synthetic_rule
325,161.5,65.1,101.2,95.3,83.4,108.9,0.766,0.875,0.875,0.929,PEAR,0.765,synthetic_rule
326,166.2,64.2,88.0,87.0,78.0,103.5,0.754,0.897,0.841,0.85,PEAR,0.838,synthetic_rule
327,171.8,58.4,83.0,84.7,76.9,99.6,0.772,0.908,0.85,0.833,PEAR,0.797,synthetic_rule
328,166.3,61.5,88.8,84.2,75.1,96.5,0.778,0.892,0.873,0.92,PEAR,0.732,synthetic_rule
329,178.1,75.5,87.2,88.1,82.7,101.0,0.819,0.939,0.872,0.863,PEAR,0.748,synthetic_rule
330,176.5,56.5,98.5,98.6,88.7,112.2,0.791,0.9,0.879,0.878,PEAR,0.765,synthetic_rule
331,171.1,53.8,92.7,88.6,80.3,98.0,0.819,0.906,0.904,0.946,PEAR,0.66,synthetic_rule
332,175.9,57.1,94.8,92.5,87.5,104.0,0.841,0.946,0.889,0.912,PEAR,0.713,synthetic_rule
333,159.6,58.0,87.2,83.8,74.2,101.8,0.729,0.885,0.823,0.857,PEAR,0.875,synthetic_rule
334,169.8,57.0,90.7,90.1,85.8,102.4,0.838,0.952,0.88,0.886,PEAR,0.733,synthetic_rule
335,177.3,72.3,79.2,77.8,66.9,97.2,0.688,0.86,0.8,0.815,PEAR,0.91,synthetic_rule
336,170.1,70.3,86.9,86.2,74.7,105.9,0.705,0.867,0.814,0.821,PEAR,0.918,synthetic_rule
337,172.6,64.9,99.0,93.7,87.3,104.3,0.837,0.932,0.898,0.949,PEAR,0.69,synthetic_rule
338,177.4,70.8,90.9,85.2,75.0,102.0,0.735,0.88,0.835,0.891,PEAR,0.845,synthetic_rule
339,156.1,56.5,102.8,96.7,91.5,107.1,0.854,0.946,0.903,0.96,PEAR,0.685,synthetic_rule
340,155.7,48.8,107.1,102.9,93.4,112.9,0.827,0.908,0.911,0.949,PEAR,0.675,synthetic_rule
341,172.9,71.1,92.1,89.4,84.8,108.1,0.784,0.949,0.827,0.852,PEAR,0.892,synthetic_rule
342,178.7,57.9,92.6,87.0,81.0,105.6,0.767,0.931,0.824,0.877,PEAR,0.89,synthetic_rule
343,164.4,53.9,108.6,105.0,93.0,115.2,0.807,0.886,0.911,0.943,PEAR,0.68,synthetic_rule
344,173.3,63.2,83.3,81.0,73.1,100.1,0.73,0.902,0.809,0.832,PEAR,0.902,synthetic_rule
345,164.9,51.1,97.5,91.3,83.7,103.2,0.811,0.917,0.885,0.945,PEAR,0.723,synthetic_rule
346,161.1,55.3,89.9,87.2,75.9,105.4,0.72,0.87,0.827,0.853,PEAR,0.88,synthetic_rule
347,178.0,71.7,91.4,89.8,84.5,100.4,0.842,0.941,0.894,0.91,PEAR,0.69,synthetic_rule
348,175.0,67.4,89.8,86.4,80.0,99.0,0.808,0.926,0.873,0.907,PEAR,0.74,synthetic_rule
349,179.0,74.1,100.3,97.9,87.5,109.7,0.798,0.894,0.892,0.914,PEAR,0.72,synthetic_rule
350,171.6,64.5,86.7,81.6,77.1,99.4,0.776,0.945,0.821,0.872,PEAR,0.87,synthetic_rule
351,151.0,56.5,96.7,90.8,87.3,106.8,0.817,0.961,0.85,0.905,PEAR,0.825,synthetic_rule
352,175.3,61.0,96.0,92.0,85.2,109.4,0.779,0.926,0.841,0.878,PEAR,0.86,synthetic_rule
353,168.5,66.3,84.5,81.6,75.3,96.2,0.783,0.923,0.848,0.878,PEAR,0.79,synthetic_rule
354,166.5,50.2,93.8,91.3,88.2,105.7,0.834,0.966,0.864,0.887,PEAR,0.785,synthetic_rule
355,174.4,71.1,86.0,81.7,78.6,101.5,0.774,0.962,0.805,0.847,PEAR,0.92,synthetic_rule
356,154.5,46.6,106.8,104.0,100.2,114.2,0.877,0.963,0.911,0.935,PEAR,0.68,synthetic_rule
357,161.2,55.2,103.5,100.4,93.8,112.3,0.835,0.934,0.894,0.922,PEAR,0.722,synthetic_rule
358,175.4,71.5,110.3,104.3,95.2,115.8,0.822,0.913,0.901,0.953,PEAR,0.713,synthetic_rule
359,166.6,51.2,99.3,101.2,94.7,111.2,0.852,0.936,0.91,0.893,PEAR,0.675,synthetic_rule
360,173.5,67.8,89.8,84.9,78.0,99.4,0.785,0.919,0.854,0.903,PEAR,0.788,synthetic_rule
361,156.3,60.9,91.8,86.6,89.1,86.3,1.032,1.029,1.003,1.064,APPLE,0.67,synthetic_rule
362,177.8,79.6,93.7,90.9,93.6,95.4,0.981,1.03,0.953,0.982,APPLE,0.667,synthetic_rule
363,178.8,72.6,93.4,89.1,86.5,84.8,1.02,0.971,1.051,1.101,APPLE,0.643,synthetic_rule
364,154.9,47.8,105.6,100.1,102.8,101.1,1.017,1.027,0.99,1.045,APPLE,0.668,synthetic_rule
365,172.7,57.0,104.0,97.3,95.0,93.3,1.018,0.976,1.043,1.115,APPLE,0.643,synthetic_rule
366,151.6,49.4,107.0,101.4,100.5,101.4,0.991,0.991,1.0,1.055,APPLE,0.623,synthetic_rule
367,161.9,63.4,93.3,94.9,91.4,92.2,0.991,0.963,1.029,1.012,APPLE,0.62,synthetic_rule
368,160.7,65.9,97.3,95.5,91.6,90.6,1.011,0.959,1.054,1.074,APPLE,0.625,synthetic_rule
369,168.6,69.3,106.4,101.9,103.0,100.3,1.027,1.011,1.016,1.061,APPLE,0.668,synthetic_rule
370,169.0,68.3,83.2,82.5,82.7,86.0,0.962,1.002,0.959,0.967,APPLE,0.605,synthetic_rule
371,160.8,52.1,80.9,81.6,83.4,86.6,0.963,1.022,0.942,0.934,APPLE,0.645,synthetic_rule
372,162.2,47.9,89.0,88.0,88.8,88.5,1.003,1.009,0.994,1.006,APPLE,0.62,synthetic_rule
373,161.6,53.1,88.5,87.2,87.9,86.2,1.02,1.008,1.012,1.027,APPLE,0.643,synthetic_rule
374,179.3,72.6,89.6,90.0,85.4,86.0,0.993,0.949,1.047,1.042,APPLE,0.615,synthetic_rule
375,164.8,50.3,91.2,89.5,91.3,93.1,0.981,1.02,0.961,0.98,APPLE,0.645,synthetic_rule
376,157.6,49.6,97.3,93.9,96.6,94.1,1.027,1.029,0.998,1.034,APPLE,0.667,synthetic_rule
377,159.1,64.8,96.1,95.2,97.8,98.3,0.995,1.027,0.968,0.978,APPLE,0.665,synthetic_rule
378,160.0,62.8,107.7,101.9,100.6,98.9,1.017,0.987,1.03,1.089,APPLE,0.642,synthetic_rule
379,178.4,62.4,104.6,103.7,105.5,107.4,0.982,1.017,0.966,0.974,APPLE,0.645,synthetic_rule
380,170.8,64.0,115.4,111.8,109.0,107.1,1.018,0.975,1.044,1.077,APPLE,0.648,synthetic_rule
381,161.8,49.5,91.3,88.6,88.3,89.8,0.983,0.997,0.987,1.017,APPLE,0.607,synthetic_rule
382,166.5,71.0,100.8,98.7,98.5,98.2,1.003,0.998,1.005,1.026,APPLE,0.607,synthetic_rule
383,170.8,71.6,105.6,100.4,102.2,101.0,1.012,1.018,0.994,1.046,APPLE,0.645,synthetic_rule
384,157.3,57.6,98.0,93.8,94.3,93.8,1.005,1.005,1.0,1.045,APPLE,0.612,synthetic_rule
385,164.4,57.3,101.2,98.7,97.7,102.9,0.949,0.99,0.959,0.983,APPLE,0.625,synthetic_rule
386,173.7,63.0,114.5,108.0,106.9,106.1,1.008,0.99,1.018,1.079,APPLE,0.62,synthetic_rule
387,173.1,69.7,99.5,98.3,99.5,96.9,1.027,1.012,1.014,1.027,APPLE,0.665,synthetic_rule
388,170.3,61.5,99.5,95.0,94.0,99.5,0.945,0.989,0.955,1.0,APPLE,0.625,synthetic_rule
389,157.8,55.0,109.3,106.5,109.4,107.2,1.021,1.027,0.993,1.02,APPLE,0.673,synthetic_rule
390,161.7,63.2,102.0,98.7,99.1,97.9,1.012,1.004,1.008,1.042,APPLE,0.63,synthetic_rule
391,153.1,50.0,100.8,94.5,97.4,96.0,1.015,1.031,0.984,1.05,APPLE,0.673,synthetic_rule
392,159.4,55.0,91.1,91.2,89.2,86.8,1.028,0.978,1.051,1.05,APPLE,0.66,synthetic_rule
393,170.9,60.0,96.1,95.4,96.6,95.6,1.01,1.013,0.998,1.005,APPLE,0.63,synthetic_rule
394,169.4,67.2,99.1,99.6,99.2,103.4,0.959,0.996,0.963,0.958,APPLE,0.61,synthetic_rule
395,154.8,53.9,112.1,105.1,107.4,107.6,0.998,1.022,0.977,1.042,APPLE,0.658,synthetic_rule
396,169.2,61.4,87.1,88.6,90.9,89.6,1.015,1.026,0.989,0.972,APPLE,0.658,synthetic_rule
397,161.7,61.8,95.6,95.7,96.3,98.7,0.976,1.006,0.97,0.969,APPLE,0.615,synthetic_rule
398,153.1,58.5,104.8,105.1,104.8,102.1,1.026,0.997,1.029,1.026,APPLE,0.668,synthetic_rule
399,175.9,68.8,94.8,91.4,93.3,91.8,1.016,1.021,0.996,1.033,APPLE,0.647,synthetic_rule
400,160.4,63.7,102.9,99.4,99.0,98.3,1.007,0.996,1.011,1.047,APPLE,0.618,synthetic_rule
401,168.4,53.0,104.8,105.6,105.3,103.5,1.017,0.997,1.02,1.013,APPLE,0.645,synthetic_rule
402,170.8,64.4,86.4,84.9,87.2,86.8,1.005,1.027,0.978,0.995,APPLE,0.657,synthetic_rule
403,169.1,67.3,89.4,86.1,88.4,87.3,1.013,1.027,0.986,1.024,APPLE,0.658,synthetic_rule
404,154.2,48.8,110.7,108.5,109.0,108.0,1.009,1.005,1.005,1.025,APPLE,0.625,synthetic_rule
405,154.1,58.2,89.5,83.9,86.8,85.3,1.018,1.035,0.984,1.049,APPLE,0.672,synthetic_rule
406,162.5,65.3,98.4,96.1,96.3,96.1,1.002,1.002,1.0,1.024,APPLE,0.605,synthetic_rule
407,158.8,50.9,83.6,81.3,81.2,86.0,0.944,0.999,0.945,0.972,APPLE,0.602,synthetic_rule
408,173.0,67.0,86.7,87.6,87.6,88.0,0.995,1.0,0.995,0.985,APPLE,0.6,synthetic_rule
409,161.0,63.7,88.0,89.5,86.4,86.7,0.997,0.965,1.032,1.015,APPLE,0.607,synthetic_rule
410,153.1,57.8,106.5,101.7,100.3,101.3,0.99,0.986,1.004,1.051,APPLE,0.625,synthetic_rule
411,160.5,63.2,98.0,96.1,92.3,91.1,1.013,0.96,1.055,1.076,APPLE,0.63,synthetic_rule
412,174.3,69.0,111.9,110.6,109.9,107.9,1.019,0.994,1.025,1.037,APPLE,0.65,synthetic_rule
413,154.2,46.7,102.3,102.4,103.4,101.1,1.023,1.01,1.013,1.012,APPLE,0.658,synthetic_rule
414,166.2,56.9,87.5,83.9,85.8,85.4,1.005,1.023,0.982,1.025,APPLE,0.647,synthetic_rule
415,179.6,75.6,87.6,88.6,88.2,90.9,0.97,0.995,0.975,0.964,APPLE,0.61,synthetic_rule
416,179.8,80.6,109.1,110.0,106.4,107.1,0.993,0.967,1.027,1.019,APPLE,0.617,synthetic_rule
417,174.9,73.7,106.5,102.3,102.4,104.8,0.977,1.001,0.976,1.016,APPLE,0.603,synthetic_rule
418,162.4,57.0,100.1,96.5,97.7,95.7,1.021,1.012,1.008,1.046,APPLE,0.65,synthetic_rule
419,158.3,63.9,102.4,101.1,102.0,105.1,0.971,1.009,0.962,0.974,APPLE,0.623,synthetic_rule
420,173.2,71.6,109.9,105.1,108.1,106.8,1.012,1.029,0.984,1.029,APPLE,0.675,synthetic_rule
421,151.9,51.4,96.6,96.6,96.6,95.0,1.017,1.0,1.017,1.017,APPLE,0.64,synthetic_rule
422,174.9,63.3,94.3,91.4,93.4,94.3,0.99,1.022,0.969,1.0,APPLE,0.65,synthetic_rule
423,170.5,53.5,96.3,97.4,99.1,97.6,1.015,1.017,0.998,0.987,APPLE,0.642,synthetic_rule
424,175.7,66.5,100.4,102.4,104.9,102.8,1.02,1.024,0.996,0.977,APPLE,0.662,synthetic_rule
425,154.0,55.0,103.4,104.0,104.3,107.0,0.975,1.003,0.972,0.966,APPLE,0.607,synthetic_rule
426,157.5,52.0,110.5,104.1,104.5,106.4,0.982,1.004,0.978,1.039,APPLE,0.61,synthetic_rule
427,171.0,58.1,90.3,86.9,88.7,88.0,1.008,1.021,0.988,1.026,APPLE,0.645,synthetic_rule
428,154.0,47.0,99.9,95.9,97.0,100.9,0.961,1.011,0.95,0.99,APPLE,0.627,synthetic_rule
429,179.6,69.0,85.5,86.2,84.0,84.2,0.998,0.974,1.024,1.015,APPLE,0.605,synthetic_rule
430,153.1,48.1,89.5,84.5,84.6,85.7,0.987,1.001,0.986,1.044,APPLE,0.602,synthetic_rule
431,154.0,61.5,89.4,90.0,87.3,87.3,1.0,0.97,1.031,1.024,APPLE,0.6,synthetic_rule
432,163.2,63.3,95.2,91.8,92.2,96.7,0.953,1.004,0.949,0.984,APPLE,0.61,synthetic_rule
433,175.8,57.8,85.8,86.8,87.0,87.6,0.993,1.002,0.991,0.979,APPLE,0.605,synthetic_rule
434,178.9,65.7,102.2,103.0,103.5,102.1,1.014,1.005,1.009,1.001,APPLE,0.635,synthetic_rule
435,168.0,64.5,90.8,86.5,87.3,90.6,0.964,1.009,0.955,1.002,APPLE,0.62,synthetic_rule
436,159.0,56.0,106.8,104.1,100.9,100.6,1.003,0.969,1.035,1.062,APPLE,0.608,synthetic_rule
437,176.9,80.2,102.4,99.9,102.7,101.9,1.008,1.028,0.98,1.005,APPLE,0.67,synthetic_rule
438,165.8,71.0,92.7,86.7,87.3,86.7,1.007,1.007,1.0,1.069,APPLE,0.615,synthetic_rule
439,167.1,58.4,107.0,102.7,102.3,106.4,0.961,0.996,0.965,1.006,APPLE,0.61,synthetic_rule
440,150.5,42.0,107.2,106.8,102.2,102.3,0.999,0.957,1.044,1.048,APPLE,0.602,synthetic_rule
441,165.2,62.8,82.6,80.6,80.4,85.0,0.946,0.998,0.948,0.972,APPLE,0.605,synthetic_rule
442,166.1,63.3,96.5,96.0,96.6,94.0,1.028,1.006,1.021,1.027,APPLE,0.665,synthetic_rule
443,174.2,67.6,93.0,91.6,93.6,91.4,1.024,1.022,1.002,1.018,APPLE,0.655,synthetic_rule
444,152.0,54.5,107.3,102.6,99.5,99.2,1.003,0.97,1.034,1.082,APPLE,0.607,synthetic_rule
445,163.0,57.5,103.4,99.9,102.5,104.3,0.983,1.026,0.958,0.991,APPLE,0.665,synthetic_rule
446,153.6,55.8,97.8,93.8,91.5,91.4,1.001,0.975,1.026,1.07,APPLE,0.602,synthetic_rule
447,173.5,71.5,92.0,92.5,88.8,87.9,1.01,0.96,1.052,1.047,APPLE,0.622,synthetic_rule
448,176.6,75.4,88.3,89.9,89.0,87.0,1.023,0.99,1.033,1.015,APPLE,0.65,synthetic_rule
449,171.4,66.4,99.8,101.1,103.8,103.4,1.004,1.027,0.978,0.965,APPLE,0.668,synthetic_rule
450,167.0,58.4,93.8,93.5,94.5,94.9,0.996,1.011,0.985,0.988,APPLE,0.625,synthetic_rule
451,156.9,54.3,85.8,87.2,86.6,86.5,1.001,0.993,1.008,0.992,APPLE,0.602,synthetic_rule
452,161.5,50.1,108.7,102.2,103.3,104.7,0.987,1.011,0.976,1.038,APPLE,0.627,synthetic_rule
453,172.2,63.3,106.0,105.1,103.9,104.6,0.993,0.989,1.005,1.013,APPLE,0.617,synthetic_rule
454,152.3,48.7,98.6,96.2,95.9,94.0,1.02,0.997,1.023,1.049,APPLE,0.648,synthetic_rule
455,179.4,82.5,101.0,102.4,102.2,105.6,0.968,0.998,0.97,0.956,APPLE,0.605,synthetic_rule
456,159.8,57.3,91.2,93.0,92.6,95.2,0.973,0.996,0.977,0.958,APPLE,0.61,synthetic_rule
457,168.7,61.8,92.5,89.5,90.6,88.8,1.02,1.012,1.008,1.042,APPLE,0.645,synthetic_rule
458,177.0,75.5,98.8,98.6,98.1,95.8,1.024,0.995,1.029,1.031,APPLE,0.657,synthetic_rule
459,160.4,63.6,88.2,83.3,85.3,84.2,1.013,1.024,0.989,1.048,APPLE,0.65,synthetic_rule
460,175.5,73.4,100.7,101.8,102.2,106.8,0.957,1.004,0.953,0.943,APPLE,0.61,synthetic_rule
461,151.8,59.9,98.2,94.1,95.1,96.7,0.983,1.011,0.973,1.016,APPLE,0.625,synthetic_rule
462,165.6,64.7,91.6,90.4,85.6,86.2,0.993,0.947,1.049,1.063,APPLE,0.615,synthetic_rule
463,154.0,58.2,101.8,103.2,105.9,107.4,0.986,1.026,0.961,0.948,APPLE,0.668,synthetic_rule
464,157.1,49.6,97.8,97.0,96.1,97.6,0.985,0.991,0.994,1.002,APPLE,0.623,synthetic_rule
465,159.5,51.3,103.8,105.2,103.3,103.2,1.001,0.982,1.019,1.006,APPLE,0.602,synthetic_rule
466,154.7,46.2,93.7,91.7,89.5,88.9,1.007,0.976,1.031,1.054,APPLE,0.615,synthetic_rule
467,156.2,49.9,94.5,94.1,92.9,93.8,0.99,0.987,1.003,1.007,APPLE,0.622,synthetic_rule
468,174.8,72.0,82.1,83.5,83.7,86.9,0.963,1.002,0.961,0.945,APPLE,0.605,synthetic_rule
469,157.4,51.6,105.0,102.3,105.0,104.1,1.009,1.026,0.983,1.009,APPLE,0.668,synthetic_rule
470,150.9,48.4,99.9,97.9,96.9,100.3,0.966,0.99,0.976,0.996,APPLE,0.625,synthetic_rule
471,174.1,57.9,97.6,99.5,100.6,102.0,0.986,1.011,0.975,0.957,APPLE,0.627,synthetic_rule
472,174.7,64.0,112.8,108.8,106.4,103.9,1.024,0.978,1.047,1.086,APPLE,0.662,synthetic_rule
473,174.4,55.3,98.9,100.3,101.4,99.5,1.019,1.011,1.008,0.994,APPLE,0.648,synthetic_rule
474,177.2,77.4,106.1,105.1,107.6,105.7,1.018,1.024,0.994,1.004,APPLE,0.662,synthetic_rule
475,167.2,68.7,85.9,84.6,87.0,85.0,1.024,1.028,0.995,1.011,APPLE,0.66,synthetic_rule
476,156.4,47.7,86.9,86.5,87.0,84.7,1.027,1.006,1.021,1.026,APPLE,0.657,synthetic_rule
477,157.4,50.4,102.2,100.5,101.1,105.2,0.961,1.006,0.955,0.971,APPLE,0.615,synthetic_rule
478,154.1,46.5,98.3,92.8,94.7,97.2,0.974,1.02,0.955,1.011,APPLE,0.648,synthetic_rule
479,173.8,78.3,102.8,97.9,96.4,96.6,0.998,0.985,1.013,1.064,APPLE,0.605,synthetic_rule
480,177.4,69.3,94.5,93.1,93.7,92.6,1.012,1.006,1.005,1.021,APPLE,0.628,synthetic_rule
481,176.9,75.8,97.7,99.2,81.8,86.7,0.943,0.825,1.144,1.127,INVERTED_TRIANGLE,0.738,synthetic_rule
482,180.0,83.6,112.5,113.8,89.1,99.0,0.9,0.783,1.149,1.136,INVERTED_TRIANGLE,0.795,synthetic_rule
483,177.5,58.1,115.3,107.8,85.5,95.9,0.892,0.793,1.124,1.202,INVERTED_TRIANGLE,0.722,synthetic_rule
484,160.6,63.7,105.5,99.9,71.5,81.6,0.876,0.716,1.224,1.293,INVERTED_TRIANGLE,0.883,synthetic_rule
485,170.9,73.9,97.5,99.2,73.4,83.7,0.877,0.74,1.185,1.165,INVERTED_TRIANGLE,0.812,synthetic_rule
486,166.9,54.3,116.1,108.6,81.1,89.2,0.909,0.747,1.217,1.302,INVERTED_TRIANGLE,0.91,synthetic_rule
487,164.7,50.8,112.0,111.9,91.7,97.5,0.941,0.819,1.148,1.149,INVERTED_TRIANGLE,0.785,synthetic_rule
488,177.5,61.8,99.1,99.9,82.1,85.1,0.965,0.822,1.174,1.165,INVERTED_TRIANGLE,0.795,synthetic_rule
489,159.7,46.4,112.5,108.9,79.2,89.8,0.882,0.727,1.213,1.253,INVERTED_TRIANGLE,0.903,synthetic_rule
490,175.8,79.4,114.0,112.5,84.4,95.0,0.888,0.75,1.184,1.2,INVERTED_TRIANGLE,0.863,synthetic_rule
491,159.1,48.3,112.3,113.0,95.7,99.6,0.961,0.847,1.135,1.128,INVERTED_TRIANGLE,0.76,synthetic_rule
492,169.5,55.7,120.7,113.1,83.7,95.4,0.877,0.74,1.186,1.265,INVERTED_TRIANGLE,0.867,synthetic_rule
493,156.7,55.8,108.0,108.5,79.2,89.3,0.887,0.73,1.215,1.209,INVERTED_TRIANGLE,0.905,synthetic_rule
494,171.9,75.6,108.1,101.5,80.8,84.9,0.952,0.796,1.196,1.273,INVERTED_TRIANGLE,0.84,synthetic_rule
495,151.0,52.0,109.5,103.0,71.4,83.1,0.859,0.693,1.239,1.318,INVERTED_TRIANGLE,0.923,synthetic_rule
496,178.1,60.7,118.7,113.4,93.9,102.0,0.921,0.828,1.112,1.164,INVERTED_TRIANGLE,0.71,synthetic_rule
497,176.6,58.4,104.7,100.3,76.0,80.5,0.944,0.758,1.246,1.301,INVERTED_TRIANGLE,0.92,synthetic_rule
498,158.0,49.9,106.0,107.5,81.7,88.8,0.92,0.76,1.211,1.194,INVERTED_TRIANGLE,0.893,synthetic_rule
499,161.6,62.3,107.4,100.6,87.4,90.4,0.967,0.869,1.113,1.188,INVERTED_TRIANGLE,0.68,synthetic_rule
500,166.4,52.1,114.5,111.9,91.1,97.5,0.934,0.814,1.148,1.174,INVERTED_TRIANGLE,0.785,synthetic_rule
501,154.9,44.6,117.9,111.6,86.2,95.4,0.904,0.772,1.17,1.236,INVERTED_TRIANGLE,0.83,synthetic_rule
502,152.2,44.8,102.7,101.3,77.2,88.8,0.869,0.762,1.141,1.157,INVERTED_TRIANGLE,0.738,synthetic_rule
503,152.8,53.1,113.0,109.2,83.1,94.2,0.882,0.761,1.159,1.2,INVERTED_TRIANGLE,0.8,synthetic_rule
504,154.9,60.3,104.1,104.7,83.9,95.3,0.88,0.801,1.099,1.092,INVERTED_TRIANGLE,0.66,synthetic_rule
505,170.9,69.4,102.3,97.8,81.9,86.6,0.946,0.837,1.129,1.181,INVERTED_TRIANGLE,0.705,synthetic_rule
506,151.5,51.8,106.4,100.8,83.5,88.7,0.941,0.828,1.136,1.2,INVERTED_TRIANGLE,0.727,synthetic_rule
507,158.8,58.7,102.2,98.8,78.9,85.8,0.92,0.799,1.152,1.191,INVERTED_TRIANGLE,0.75,synthetic_rule
508,158.8,47.0,105.2,99.6,85.8,90.3,0.95,0.861,1.103,1.165,INVERTED_TRIANGLE,0.657,synthetic_rule
509,169.8,54.0,104.5,101.6,80.8,88.2,0.916,0.795,1.152,1.185,INVERTED_TRIANGLE,0.76,synthetic_rule
510,163.4,53.7,101.5,99.3,74.3,80.6,0.922,0.748,1.232,1.259,INVERTED_TRIANGLE,0.893,synthetic_rule
511,172.6,69.5,98.9,100.1,84.6,88.1,0.96,0.845,1.136,1.123,INVERTED_TRIANGLE,0.725,synthetic_rule
512,167.7,63.1,107.9,102.2,75.5,87.2,0.866,0.739,1.172,1.237,INVERTED_TRIANGLE,0.8,synthetic_rule
513,176.0,67.5,117.3,110.7,89.3,97.1,0.92,0.807,1.14,1.208,INVERTED_TRIANGLE,0.765,synthetic_rule
514,171.4,64.7,111.0,104.6,83.6,94.7,0.883,0.799,1.105,1.172,INVERTED_TRIANGLE,0.672,synthetic_rule
515,153.6,56.8,109.9,110.4,85.4,94.0,0.909,0.774,1.174,1.169,INVERTED_TRIANGLE,0.835,synthetic_rule
516,153.8,50.6,121.5,113.7,83.7,94.0,0.89,0.736,1.21,1.293,INVERTED_TRIANGLE,0.918,synthetic_rule
517,175.0,61.4,110.2,103.8,75.2,83.9,0.896,0.724,1.237,1.313,INVERTED_TRIANGLE,0.922,synthetic_rule
518,161.9,54.0,113.0,112.5,96.2,102.7,0.937,0.855,1.095,1.1,INVERTED_TRIANGLE,0.67,synthetic_rule
519,168.7,63.1,106.1,104.2,75.6,85.6,0.883,0.726,1.217,1.239,INVERTED_TRIANGLE,0.89,synthetic_rule
520,172.8,76.2,110.0,103.5,84.5,92.8,0.911,0.816,1.115,1.185,INVERTED_TRIANGLE,0.693,synthetic_rule
521,166.1,57.3,107.9,106.1,90.4,96.0,0.942,0.852,1.105,1.124,INVERTED_TRIANGLE,0.677,synthetic_rule
522,151.1,46.1,102.2,102.9,80.1,88.6,0.904,0.778,1.161,1.153,INVERTED_TRIANGLE,0.783,synthetic_rule
523,176.7,64.5,107.1,107.0,87.0,90.3,0.963,0.813,1.185,1.186,INVERTED_TRIANGLE,0.843,synthetic_rule
524,150.6,55.7,110.2,109.4,79.2,90.3,0.877,0.724,1.212,1.22,INVERTED_TRIANGLE,0.903,synthetic_rule
525,152.9,58.3,100.2,101.0,77.4,86.6,0.894,0.766,1.166,1.157,INVERTED_TRIANGLE,0.785,synthetic_rule
526,158.1,53.3,117.8,113.5,89.2,99.7,0.895,0.786,1.138,1.182,INVERTED_TRIANGLE,0.77,synthetic_rule
527,172.2,71.4,105.2,99.4,77.6,88.1,0.881,0.781,1.128,1.194,INVERTED_TRIANGLE,0.708,synthetic_rule
528,159.3,56.0,109.9,110.8,91.7,96.1,0.954,0.828,1.153,1.144,INVERTED_TRIANGLE,0.793,synthetic_rule
529,155.8,59.9,117.5,111.3,89.4,92.7,0.964,0.803,1.201,1.268,INVERTED_TRIANGLE,0.89,synthetic_rule
530,171.1,59.1,105.9,100.5,75.2,86.5,0.869,0.748,1.162,1.224,INVERTED_TRIANGLE,0.775,synthetic_rule
531,150.9,47.8,108.6,105.1,85.0,89.1,0.954,0.809,1.18,1.219,INVERTED_TRIANGLE,0.825,synthetic_rule
532,160.5,49.7,105.2,99.2,72.3,80.6,0.897,0.729,1.231,1.305,INVERTED_TRIANGLE,0.89,synthetic_rule
533,161.6,50.4,112.9,109.5,87.3,92.9,0.94,0.797,1.179,1.215,INVERTED_TRIANGLE,0.84,synthetic_rule
534,170.3,58.4,115.3,113.4,86.1,94.9,0.907,0.759,1.195,1.215,INVERTED_TRIANGLE,0.887,synthetic_rule
535,150.3,57.1,100.1,96.4,68.9,78.8,0.874,0.715,1.223,1.27,INVERTED_TRIANGLE,0.865,synthetic_rule
536,174.2,62.0,114.0,106.8,92.5,97.7,0.947,0.866,1.093,1.167,INVERTED_TRIANGLE,0.652,synthetic_rule
537,160.5,51.6,110.0,107.6,87.5,93.9,0.932,0.813,1.146,1.171,INVERTED_TRIANGLE,0.767,synthetic_rule
538,153.1,51.8,112.5,108.2,83.5,90.1,0.927,0.772,1.201,1.249,INVERTED_TRIANGLE,0.878,synthetic_rule
539,168.3,57.7,110.1,111.2,89.2,98.1,0.909,0.802,1.134,1.122,INVERTED_TRIANGLE,0.753,synthetic_rule
540,175.8,62.1,101.4,97.1,68.5,77.3,0.886,0.705,1.256,1.312,INVERTED_TRIANGLE,0.92,synthetic_rule
541,173.0,75.4,118.0,112.1,95.4,99.8,0.956,0.851,1.123,1.182,INVERTED_TRIANGLE,0.732,synthetic_rule
542,170.4,69.0,114.7,110.4,85.9,94.8,0.906,0.778,1.165,1.21,INVERTED_TRIANGLE,0.815,synthetic_rule
543,161.6,47.7,119.0,114.0,95.3,102.1,0.933,0.836,1.117,1.166,INVERTED_TRIANGLE,0.723,synthetic_rule
544,156.7,54.7,111.7,106.3,85.7,95.2,0.9,0.806,1.117,1.173,INVERTED_TRIANGLE,0.702,synthetic_rule
545,175.4,76.1,118.9,112.3,88.4,95.9,0.922,0.787,1.171,1.24,INVERTED_TRIANGLE,0.835,synthetic_rule
546,157.8,60.9,104.1,99.3,85.0,89.2,0.953,0.856,1.113,1.167,INVERTED_TRIANGLE,0.677,synthetic_rule
547,152.7,48.6,104.0,99.3,76.8,82.8,0.928,0.773,1.199,1.256,INVERTED_TRIANGLE,0.838,synthetic_rule
548,157.8,50.7,107.2,101.5,77.9,83.9,0.928,0.767,1.21,1.278,INVERTED_TRIANGLE,0.865,synthetic_rule
549,178.3,59.0,110.8,104.5,77.7,85.9,0.905,0.744,1.217,1.29,INVERTED_TRIANGLE,0.89,synthetic_rule
550,159.0,46.6,111.0,105.0,80.0,86.5,0.925,0.762,1.214,1.283,INVERTED_TRIANGLE,0.887,synthetic_rule
551,167.1,70.5,100.6,98.5,80.6,87.3,0.923,0.818,1.128,1.152,INVERTED_TRIANGLE,0.705,synthetic_rule
552,164.6,62.4,101.3,101.7,74.8,84.8,0.882,0.735,1.199,1.195,INVERTED_TRIANGLE,0.848,synthetic_rule
553,172.8,57.8,112.6,107.4,92.9,98.4,0.944,0.865,1.091,1.144,INVERTED_TRIANGLE,0.65,synthetic_rule
554,168.4,65.4,106.5,104.8,83.6,87.4,0.957,0.798,1.199,1.219,INVERTED_TRIANGLE,0.86,synthetic_rule
555,156.0,51.1,111.3,113.4,96.8,100.2,0.966,0.854,1.132,1.111,INVERTED_TRIANGLE,0.755,synthetic_rule
556,170.3,66.7,102.0,101.8,78.9,83.6,0.944,0.775,1.218,1.22,INVERTED_TRIANGLE,0.88,synthetic_rule
557,161.5,59.2,108.0,108.5,91.5,95.7,0.956,0.843,1.134,1.129,INVERTED_TRIANGLE,0.745,synthetic_rule
558,171.8,67.2,112.0,110.8,92.9,98.5,0.943,0.838,1.125,1.137,INVERTED_TRIANGLE,0.732,synthetic_rule
559,177.0,65.4,111.7,112.0,85.9,92.0,0.934,0.767,1.217,1.214,INVERTED_TRIANGLE,0.925,synthetic_rule
560,156.9,58.6,112.2,113.1,87.3,94.0,0.929,0.772,1.203,1.194,INVERTED_TRIANGLE,0.902,synthetic_rule
561,161.0,60.1,107.4,109.2,89.2,93.7,0.952,0.817,1.165,1.146,INVERTED_TRIANGLE,0.812,synthetic_rule
562,151.5,59.6,116.2,111.8,92.2,100.0,0.922,0.825,1.118,1.162,INVERTED_TRIANGLE,0.72,synthetic_rule
563,162.5,55.6,111.0,107.8,89.3,98.5,0.907,0.828,1.094,1.127,INVERTED_TRIANGLE,0.657,synthetic_rule
564,168.9,58.2,108.6,104.5,84.6,93.9,0.901,0.81,1.113,1.157,INVERTED_TRIANGLE,0.69,synthetic_rule
565,154.1,58.5,106.8,107.9,87.5,96.0,0.911,0.811,1.124,1.113,INVERTED_TRIANGLE,0.723,synthetic_rule
566,153.2,46.0,108.7,108.9,94.6,98.6,0.959,0.869,1.104,1.102,INVERTED_TRIANGLE,0.683,synthetic_rule
567,171.1,59.6,99.0,100.7,81.2,86.0,0.944,0.806,1.171,1.151,INVERTED_TRIANGLE,0.793,synthetic_rule
568,159.9,46.1,109.1,104.9,82.3,93.6,0.879,0.785,1.121,1.166,INVERTED_TRIANGLE,0.708,synthetic_rule
569,154.5,44.7,115.2,112.3,85.1,94.1,0.904,0.758,1.193,1.224,INVERTED_TRIANGLE,0.88,synthetic_rule
570,156.9,63.8,109.7,109.0,93.6,98.9,0.946,0.859,1.102,1.109,INVERTED_TRIANGLE,0.677,synthetic_rule
571,151.2,46.5,109.8,104.4,89.7,94.3,0.951,0.859,1.107,1.164,INVERTED_TRIANGLE,0.678,synthetic_rule
572,172.7,54.8,107.4,101.6,80.6,84.5,0.954,0.793,1.202,1.271,INVERTED_TRIANGLE,0.852,synthetic_rule
573,163.1,61.1,114.3,107.9,90.8,97.1,0.935,0.842,1.111,1.177,INVERTED_TRIANGLE,0.695,synthetic_rule
574,162.0,67.4,98.1,97.7,75.1,79.7,0.942,0.769,1.226,1.231,INVERTED_TRIANGLE,0.875,synthetic_rule
575,169.5,70.0,101.9,102.9,74.4,84.6,0.879,0.723,1.216,1.204,INVERTED_TRIANGLE,0.883,synthetic_rule
576,154.8,51.1,112.1,108.5,87.4,98.9,0.884,0.806,1.097,1.133,INVERTED_TRIANGLE,0.665,synthetic_rule
577,161.4,54.4,108.5,110.4,89.3,94.0,0.95,0.809,1.174,1.154,INVERTED_TRIANGLE,0.835,synthetic_rule
578,153.9,60.1,107.2,108.3,78.3,90.1,0.869,0.723,1.202,1.19,INVERTED_TRIANGLE,0.88,synthetic_rule
579,159.4,60.1,107.6,103.4,88.5,93.9,0.942,0.856,1.101,1.146,INVERTED_TRIANGLE,0.662,synthetic_rule
580,179.3,75.1,110.9,109.8,86.4,94.5,0.914,0.787,1.162,1.174,INVERTED_TRIANGLE,0.807,synthetic_rule
581,169.9,57.7,106.6,105.4,84.9,88.7,0.957,0.806,1.188,1.202,INVERTED_TRIANGLE,0.843,synthetic_rule
582,166.8,72.1,106.6,108.2,84.4,94.9,0.889,0.78,1.14,1.123,INVERTED_TRIANGLE,0.757,synthetic_rule
583,175.6,77.0,106.2,107.6,86.2,96.9,0.89,0.801,1.11,1.096,INVERTED_TRIANGLE,0.692,synthetic_rule
584,151.5,45.4,108.8,104.8,81.5,93.2,0.874,0.778,1.124,1.167,INVERTED_TRIANGLE,0.715,synthetic_rule
585,174.0,65.4,109.2,103.3,84.5,91.7,0.921,0.818,1.126,1.191,INVERTED_TRIANGLE,0.715,synthetic_rule
586,169.6,54.1,105.8,104.0,86.3,93.7,0.921,0.83,1.11,1.129,INVERTED_TRIANGLE,0.682,synthetic_rule
587,168.1,64.9,106.8,106.0,93.2,97.0,0.961,0.879,1.093,1.101,INVERTED_TRIANGLE,0.65,synthetic_rule
588,178.5,66.6,103.6,105.2,84.8,93.9,0.903,0.806,1.12,1.103,INVERTED_TRIANGLE,0.707,synthetic_rule
589,168.6,61.9,103.9,100.0,78.0,86.0,0.907,0.78,1.163,1.208,INVERTED_TRIANGLE,0.775,synthetic_rule
590,156.7,50.9,114.9,108.9,88.8,98.6,0.901,0.815,1.104,1.165,INVERTED_TRIANGLE,0.683,synthetic_rule
591,171.1,53.8,112.8,113.4,93.5,101.1,0.925,0.825,1.122,1.116,INVERTED_TRIANGLE,0.733,synthetic_rule
592,153.2,53.7,98.2,98.5,72.1,81.6,0.884,0.732,1.207,1.203,INVERTED_TRIANGLE,0.848,synthetic_rule
593,173.4,71.4,111.5,112.7,92.3,99.4,0.929,0.819,1.134,1.122,INVERTED_TRIANGLE,0.757,synthetic_rule
594,167.7,68.0,105.6,103.5,73.7,84.3,0.874,0.712,1.228,1.253,INVERTED_TRIANGLE,0.905,synthetic_rule
595,165.0,60.6,106.2,107.9,84.1,88.3,0.952,0.779,1.222,1.203,INVERTED_TRIANGLE,0.915,synthetic_rule
596,165.2,69.2,112.3,112.8,87.3,94.6,0.923,0.774,1.192,1.187,INVERTED_TRIANGLE,0.88,synthetic_rule
597,161.6,59.6,112.7,106.4,85.2,89.4,0.953,0.801,1.19,1.261,INVERTED_TRIANGLE,0.85,synthetic_rule
598,177.5,75.9,105.6,105.1,80.0,91.8,0.871,0.761,1.145,1.15,INVERTED_TRIANGLE,0.757,synthetic_rule
599,154.0,50.5,118.2,113.3,86.6,93.7,0.924,0.764,1.209,1.261,INVERTED_TRIANGLE,0.915,synthetic_rule
600,175.8,73.2,116.5,109.5,87.9,97.2,0.904,0.803,1.127,1.199,INVERTED_TRIANGLE,0.732,synthetic_rule
