id,sex,height_cm,weight_kg,bust_cm,waist_cm,hip_cm,waist_hip,waist_bust,bust_hip
1382,F,158.4,71.2,105.2,90.8,100.4,0.904,0.863,1.048
531,F,171.4,65.0,93.6,81.1,99.7,0.813,0.866,0.939
689,F,163.5,72.5,99.5,90.4,105.2,0.859,0.909,0.946
1786,F,154.2,61.0,92.6,82.7,98.8,0.837,0.893,0.937
145,F,166.2,50.7,82.8,73.7,92.5,0.797,0.89,0.895
1069,F,165.7,51.0,89.6,71.0,89.4,0.794,0.792,1.002
607,F,160.2,83.7,114.8,100.6,103.5,0.972,0.876,1.109
536,F,158.4,68.5,96.2,92.7,102.8,0.902,0.964,0.936
1088,F,162.7,64.8,90.0,84.2,99.4,0.847,0.936,0.905
1816,F,148.7,71.2,100.1,98.2,110.4,0.889,0.981,0.907
1379,F,164.9,91.6,113.9,109.0,110.0,0.991,0.957,1.035
978,F,161.9,76.1,99.6,91.8,110.2,0.833,0.922,0.904
69,F,166.5,81.5,106.5,92.5,108.8,0.85,0.869,0.979
1040,F,160.0,76.6,100.8,101.7,106.0,0.959,1.009,0.951
258,F,161.4,66.0,103.2,94.1,102.2,0.921,0.912,1.01
1876,F,152.4,45.2,82.6,67.4,89.5,0.753,0.816,0.923
1943,F,163.4,76.6,115.4,96.2,99.9,0.963,0.834,1.155
313,F,158.7,59.6,89.6,88.7,100.5,0.883,0.99,0.892
592,F,149.6,64.6,97.1,92.8,100.2,0.926,0.956,0.969
931,F,175.1,85.2,105.1,103.5,109.2,0.948,0.985,0.962
1915,F,161.6,89.7,114.0,113.5,115.7,0.981,0.996,0.985
922,F,155.7,66.7,98.2,86.1,104.2,0.826,0.877,0.942
236,F,156.3,58.3,86.1,78.4,91.9,0.853,0.911,0.937
1533,F,161.8,67.6,97.6,84.8,102.7,0.826,0.869,0.95
1031,F,162.6,69.5,102.3,84.9,104.1,0.816,0.83,0.983
555,F,162.0,70.3,101.8,85.1,104.0,0.818,0.836,0.979
301,F,162.1,75.4,99.1,95.0,108.2,0.878,0.959,0.916
1466,F,182.0,90.8,101.6,89.1,114.7,0.777,0.877,0.886
523,F,173.4,67.4,90.2,89.5,100.3,0.892,0.992,0.899
520,F,176.7,76.3,101.6,92.2,105.9,0.871,0.907,0.959
726,F,169.6,84.4,112.1,96.7,112.1,0.863,0.863,1.0
765,F,165.7,90.5,111.0,109.2,115.8,0.943,0.984,0.959
741,F,159.5,60.9,83.0,72.3,92.2,0.784,0.871,0.9
1740,F,154.9,72.3,95.0,94.5,114.0,0.829,0.995,0.833
891,F,168.5,83.0,109.6,91.0,110.0,0.827,0.83,0.996
483,F,166.4,59.1,87.0,76.7,101.4,0.756,0.882,0.858
192,F,160.3,59.1,96.5,84.0,97.3,0.863,0.87,0.992
1369,F,151.9,70.3,99.9,86.3,103.5,0.834,0.864,0.965
982,F,160.1,61.6,89.5,87.8,98.8,0.889,0.981,0.906
50,F,158.2,47.7,79.3,67.9,88.0,0.772,0.856,0.901
1695,F,167.6,72.5,96.2,90.7,107.4,0.845,0.943,0.896
1335,F,168.8,64.3,93.7,79.7,98.0,0.813,0.851,0.956
1239,F,157.0,49.3,92.3,72.7,89.8,0.81,0.788,1.028
33,F,172.3,72.8,96.5,93.5,103.4,0.904,0.969,0.933
818,F,163.0,64.8,86.9,81.8,99.4,0.823,0.941,0.874
564,F,170.9,70.0,88.5,84.8,103.1,0.823,0.958,0.858
1703,F,169.7,64.4,92.0,79.1,95.6,0.827,0.86,0.962
121,F,173.3,74.2,93.7,85.9,104.1,0.825,0.917,0.9
928,F,154.7,52.5,88.9,79.7,91.6,0.87,0.897,0.971
676,F,159.0,60.4,83.8,71.6,93.8,0.763,0.854,0.893
249,F,161.0,67.5,98.2,103.6,100.8,1.028,1.055,0.974
1276,F,161.4,52.9,85.5,75.1,90.2,0.833,0.878,0.948
1911,F,156.7,64.4,91.0,93.5,106.0,0.882,1.027,0.858
1097,F,166.2,70.4,93.6,80.5,100.8,0.799,0.86,0.929
834,F,170.1,70.0,90.6,86.7,103.3,0.839,0.957,0.877
1644,F,158.0,78.8,106.6,93.8,110.5,0.849,0.88,0.965
1436,F,179.8,87.5,99.0,97.2,107.0,0.908,0.982,0.925
1101,F,153.6,54.6,82.2,70.2,95.7,0.734,0.854,0.859
1281,F,161.5,55.4,84.9,76.0,90.3,0.842,0.895,0.94
513,F,173.2,84.3,94.8,94.2,105.1,0.896,0.994,0.902
1214,F,163.2,76.8,97.5,89.6,112.3,0.798,0.919,0.868
751,F,164.3,53.5,82.5,70.5,92.5,0.762,0.855,0.892
1381,F,162.0,53.5,77.3,72.6,95.7,0.759,0.939,0.808
1788,F,162.3,79.9,98.0,90.5,110.6,0.818,0.923,0.886
1159,F,158.8,67.2,91.2,82.6,100.2,0.824,0.906,0.91
1437,F,164.1,65.0,88.8,80.0,96.0,0.833,0.901,0.925
809,F,159.4,66.4,87.6,95.9,106.2,0.903,1.095,0.825
228,F,168.0,79.2,110.5,95.8,101.5,0.944,0.867,1.089
470,F,172.5,69.5,96.0,77.2,104.4,0.739,0.804,0.92
613,F,162.7,72.0,89.7,88.5,107.2,0.826,0.987,0.837
1871,F,173.2,84.2,104.1,105.5,113.2,0.932,1.013,0.92
1605,F,168.3,66.1,95.9,83.7,97.1,0.862,0.873,0.988
1314,F,166.3,60.9,86.4,75.4,98.1,0.769,0.873,0.881
845,F,153.3,69.5,97.3,93.5,98.5,0.949,0.961,0.988
1054,F,163.6,55.3,88.9,71.8,89.0,0.807,0.808,0.999
1196,F,155.9,66.4,94.5,89.1,99.5,0.895,0.943,0.95
1970,F,161.5,71.4,108.9,96.5,108.1,0.893,0.886,1.007
1494,F,153.7,56.1,89.7,77.6,93.6,0.829,0.865,0.958
908,F,166.9,70.5,92.4,87.4,103.6,0.844,0.946,0.892
1186,F,163.0,67.8,99.8,88.8,103.4,0.859,0.89,0.965
361,F,167.7,82.7,109.8,104.9,108.2,0.97,0.955,1.015
1405,F,156.1,58.9,92.0,90.4,100.0,0.904,0.983,0.92
1633,F,164.9,65.0,87.9,82.5,102.7,0.803,0.939,0.856
1866,F,175.3,59.3,90.1,72.7,92.6,0.785,0.807,0.973
583,F,158.3,65.9,91.3,90.6,103.0,0.88,0.992,0.886
773,F,160.2,84.4,107.3,97.6,112.4,0.868,0.91,0.955
1161,F,165.5,80.9,102.1,101.0,117.6,0.859,0.989,0.868
157,F,169.0,81.0,98.3,104.4,108.8,0.96,1.062,0.903
57,F,165.4,57.2,81.4,76.6,98.1,0.781,0.941,0.83
515,F,158.9,72.7,102.9,101.9,103.5,0.985,0.99,0.994
221,F,158.3,67.9,95.0,94.1,107.9,0.872,0.991,0.88
711,F,169.0,64.9,89.2,80.2,99.3,0.808,0.899,0.898
854,F,170.0,56.4,82.6,73.9,91.5,0.808,0.895,0.903
1377,F,167.4,89.6,118.8,103.2,105.6,0.977,0.869,1.125
116,F,164.2,59.8,98.1,76.1,95.5,0.797,0.776,1.027
1432,F,178.9,80.8,96.8,81.6,110.2,0.74,0.843,0.878
1402,F,174.8,83.1,110.0,94.4,111.7,0.845,0.858,0.985
615,F,160.8,67.3,99.0,98.2,107.6,0.913,0.992,0.92
1519,F,161.2,70.8,97.3,88.9,105.8,0.84,0.914,0.92
176,F,159.7,70.8,111.8,96.8,99.2,0.976,0.866,1.127
1453,F,163.5,71.9,105.3,104.5,104.2,1.003,0.992,1.011
1262,F,167.9,84.3,107.6,96.6,110.8,0.872,0.898,0.971
749,F,158.9,57.2,94.7,81.8,92.7,0.882,0.864,1.022
1931,F,171.5,85.5,100.6,93.3,114.0,0.818,0.927,0.882
1852,F,163.7,64.1,95.1,78.4,103.7,0.756,0.824,0.917
1002,F,166.9,77.6,98.0,96.6,108.3,0.892,0.986,0.905
1552,F,159.5,57.6,90.8,78.3,93.9,0.834,0.862,0.967
840,F,170.2,73.2,92.7,85.4,102.7,0.832,0.921,0.903
813,F,157.4,60.2,89.6,75.3,97.8,0.77,0.84,0.916
424,F,171.5,80.9,100.3,100.9,107.6,0.938,1.006,0.932
1299,F,166.6,70.6,96.2,88.6,101.6,0.872,0.921,0.947
1793,F,170.5,97.3,117.3,95.7,117.9,0.812,0.816,0.995
12,F,166.8,74.2,103.4,94.2,101.4,0.929,0.911,1.02
1939,F,159.6,84.2,110.1,105.5,118.1,0.893,0.958,0.932
345,F,160.8,66.2,105.8,88.4,94.4,0.936,0.836,1.121
1187,F,167.4,77.6,97.4,78.4,100.0,0.784,0.805,0.974
1310,F,164.8,66.7,91.7,90.7,103.2,0.879,0.989,0.889
1419,F,168.5,75.7,100.5,99.3,105.3,0.943,0.988,0.954
1203,F,165.6,67.9,90.8,78.8,101.9,0.773,0.868,0.891
774,F,161.1,66.7,91.0,91.6,99.8,0.918,1.007,0.912
281,F,162.8,67.1,90.8,90.7,100.6,0.902,0.999,0.903
1129,F,157.2,65.3,92.9,83.8,100.8,0.831,0.902,0.922
1255,F,167.0,69.5,93.7,80.4,104.4,0.77,0.858,0.898
579,F,161.1,69.2,96.1,89.5,103.6,0.864,0.931,0.928
114,F,160.4,62.8,98.1,83.1,99.1,0.839,0.847,0.99
31,F,159.2,65.8,95.1,93.0,105.6,0.881,0.978,0.901
452,F,166.0,57.4,90.3,80.3,94.5,0.85,0.889,0.956
938,F,167.8,81.6,103.5,89.7,114.7,0.782,0.867,0.902
1643,F,160.3,64.9,97.5,91.4,99.4,0.92,0.937,0.981
852,F,158.9,60.7,86.6,83.6,97.2,0.86,0.965,0.891
1392,F,168.8,64.8,86.7,86.2,102.5,0.841,0.994,0.846
1869,F,154.5,58.3,97.0,77.7,93.2,0.834,0.801,1.041
1974,F,172.1,57.7,86.5,68.1,90.6,0.752,0.787,0.955
493,F,167.0,64.8,97.5,81.4,92.8,0.877,0.835,1.051
943,F,163.5,66.2,103.5,94.7,96.6,0.98,0.915,1.071
1553,F,165.9,80.7,100.5,86.0,117.8,0.73,0.856,0.853
1854,F,164.5,79.3,100.4,97.8,109.6,0.892,0.974,0.916
1205,F,175.4,74.5,95.3,86.8,101.8,0.853,0.911,0.936
60,F,161.2,60.4,90.4,82.5,97.9,0.843,0.913,0.923
183,F,177.6,92.4,107.2,102.1,117.1,0.872,0.952,0.915
1953,F,162.9,73.2,95.2,85.7,105.8,0.81,0.9,0.9
488,F,172.3,68.9,96.6,82.0,102.6,0.799,0.849,0.942
870,F,158.9,51.1,79.6,71.7,93.0,0.771,0.901,0.856
1883,F,146.3,62.6,99.8,90.2,93.8,0.962,0.904,1.064
1116,F,165.7,77.6,98.9,90.7,105.1,0.863,0.917,0.941
1459,F,150.5,57.5,90.3,93.0,100.5,0.925,1.03,0.899
251,F,152.3,47.0,84.5,66.5,88.4,0.752,0.787,0.956
1486,F,162.8,70.3,98.5,85.8,103.8,0.827,0.871,0.949
1825,F,175.1,87.6,100.3,101.6,115.2,0.882,1.013,0.871
735,F,162.7,67.2,98.9,88.0,103.8,0.848,0.89,0.953
1534,F,163.4,53.0,88.7,72.1,90.2,0.799,0.813,0.983
837,F,163.0,47.8,77.5,67.2,85.3,0.788,0.867,0.909
1803,F,156.0,78.2,99.8,99.1,114.8,0.863,0.993,0.869
104,F,158.2,64.7,108.0,94.3,96.6,0.976,0.873,1.118
1984,F,164.4,76.2,109.3,98.2,106.3,0.924,0.898,1.028
416,F,165.6,100.0,115.0,116.4,125.0,0.931,1.012,0.92
1138,F,161.1,64.4,91.2,83.6,96.5,0.866,0.917,0.945
988,F,163.2,67.5,93.5,96.1,101.3,0.949,1.028,0.923
1657,F,152.2,52.0,87.8,67.2,91.5,0.734,0.765,0.96
1307,F,172.9,83.1,105.0,94.2,105.5,0.893,0.897,0.995
1418,F,165.3,91.9,106.1,104.5,119.4,0.875,0.985,0.889
1734,F,161.1,56.0,82.6,73.8,94.7,0.779,0.893,0.872
353,F,154.8,68.1,90.0,87.5,106.4,0.822,0.972,0.846
1946,F,158.7,66.5,95.2,95.5,101.6,0.94,1.003,0.937
1041,F,151.7,54.8,84.5,78.2,100.2,0.78,0.925,0.843
539,F,165.8,66.1,90.2,80.0,96.5,0.829,0.887,0.935
167,F,166.1,77.1,103.2,89.7,105.1,0.853,0.869,0.982
